monster1,monster2,m1_win_pct,m2_win_pct,balance
Ape,Draft Horse,50.0,50.0,50.0
Assassin,Giant Constrictor Snake,50.0,50.0,50.0
Awakened Shrub,Stirge,50.0,50.0,50.0
Basilisk,Gelatinous Cube,50.0,50.0,50.0
Basilisk,Griffon,50.0,50.0,50.0
Berserker,Giant Constrictor Snake,50.0,50.0,50.0
Blink Dog,Drow,50.0,50.0,50.0
Bugbear,Mimic,50.0,50.0,50.0
Chuul,Minotaur,50.0,50.0,50.0
Clay Golem,Hezrou,50.0,50.0,50.0
Constrictor Snake,Elk,50.0,50.0,50.0
Darkmantle,Ghoul,50.0,50.0,50.0
Deer,Eagle,50.0,50.0,50.0
Eagle,Flying Snake,50.0,50.0,50.0
Elephant,"Vampire, Bat Form",50.0,50.0,50.0
Elk,Hobgoblin,50.0,50.0,50.0
Ettin,Salamander,50.0,50.0,50.0
Flying Snake,Giant Centipede,50.0,50.0,50.0
Flying Sword,Shadow,50.0,50.0,50.0
Ghoul,"Wererat, Human Form",50.0,50.0,50.0
Giant Bat,Reef Shark,50.0,50.0,50.0
Giant Frog,Sahuagin,50.0,50.0,50.0
Gibbering Mouther,Unicorn,50.0,50.0,50.0
Gibbering Mouther,"Weretiger, Human Form",50.0,50.0,50.0
Gray Ooze,Zombie,50.0,50.0,50.0
Ice Mephit,Panther,50.0,50.0,50.0
Imp,Panther,50.0,50.0,50.0
Killer Whale,"Vampire, Vampire Form",50.0,50.0,50.0
Knight,Ogre Zombie,50.0,50.0,50.0
Lich,Young Green Dragon,50.0,50.0,50.0
Lizardfolk,Reef Shark,50.0,50.0,50.0
Merrow,Polar Bear,50.0,50.0,50.0
Nightmare,"Weretiger, Hybrid Form",50.0,50.0,50.0
Nightmare,"Weretiger, Tiger Form",50.0,50.0,50.0
Owl,Poisonous Snake,50.0,50.0,50.0
Owl,Sprite,50.0,50.0,50.0
Riding Horse,Swarm of Bats,50.0,50.0,50.0
"Werebear, Human Form",Wyvern,50.0,50.0,50.0
"Wereboar, Boar Form","Weretiger, Human Form",50.0,50.0,50.0
"Wereboar, Hybrid Form","Weretiger, Human Form",50.0,50.0,50.0
Young Black Dragon,Young Green Dragon,50.0,50.0,50.0
Adult Copper Dragon,Behir,50.5,49.5,49.5
Air Elemental,Water Elemental,50.5,49.5,49.5
Archmage,Giant Octopus,50.5,49.5,49.5
Assassin,"Wereboar, Boar Form",49.5,50.5,49.5
Assassin,"Wereboar, Hybrid Form",49.5,50.5,49.5
Azer,Swarm of Quippers,50.5,49.5,49.5
Badger,Octopus,49.5,50.5,49.5
Bandit Captain,Griffon,50.5,49.5,49.5
Barbed Devil,Cloaker,50.5,49.5,49.5
Basilisk,Mummy,50.5,49.5,49.5
Basilisk,Succubus/Incubus,50.5,49.5,49.5
Bearded Devil,Green Dragon Wyrmling,49.5,50.5,49.5
Black Pudding,Merrow,49.5,50.5,49.5
Blink Dog,Hobgoblin,50.5,49.5,49.5
Boar,Dryad,49.5,50.5,49.5
Boar,Giant Badger,49.5,50.5,49.5
Bronze Dragon Wyrmling,Dire Wolf,49.5,50.5,49.5
Bronze Dragon Wyrmling,Hell Hound,49.5,50.5,49.5
Chuul,Wraith,49.5,50.5,49.5
Cloaker,"Weretiger, Hybrid Form",49.5,50.5,49.5
Cloaker,"Weretiger, Tiger Form",49.5,50.5,49.5
Couatl,Deva,49.5,50.5,49.5
Deep Gnome (Svirfneblin),Giant Owl,50.5,49.5,49.5
Deep Gnome (Svirfneblin),Reef Shark,49.5,50.5,49.5
Deep Gnome (Svirfneblin),Shadow,50.5,49.5,49.5
Fire Giant,Planetar,50.5,49.5,49.5
Ghast,Giant Hyena,49.5,50.5,49.5
Ghast,Green Dragon Wyrmling,49.5,50.5,49.5
Giant Centipede,Lemure,49.5,50.5,49.5
Giant Crocodile,Shield Guardian,49.5,50.5,49.5
Giant Crocodile,Young Brass Dragon,50.5,49.5,49.5
Giant Eagle,Lion,49.5,50.5,49.5
Giant Eagle,Specter,50.5,49.5,49.5
Giant Frog,Giant Wasp,50.5,49.5,49.5
Giant Frog,Panther,50.5,49.5,49.5
Giant Goat,Swarm of Ravens,49.5,50.5,49.5
Giant Lizard,Giant Owl,50.5,49.5,49.5
Giant Scorpion,Swarm of Quippers,50.5,49.5,49.5
Giant Wolf Spider,Noble,50.5,49.5,49.5
Grimlock,Magma Mephit,50.5,49.5,49.5
Guardian Naga,"Werebear, Bear Form",49.5,50.5,49.5
Guardian Naga,"Werebear, Hybrid Form",49.5,50.5,49.5
Half-Red Dragon Veteran,Silver Dragon Wyrmling,50.5,49.5,49.5
Lizard,Quipper,50.5,49.5,49.5
Lizard,Weasel,50.5,49.5,49.5
Medusa,"Wereboar, Boar Form",50.5,49.5,49.5
Medusa,"Wereboar, Hybrid Form",50.5,49.5,49.5
Mule,Quasit,50.5,49.5,49.5
Ochre Jelly,Swarm of Poisonous Snakes,50.5,49.5,49.5
Pony,Riding Horse,50.5,49.5,49.5
Riding Horse,Swarm of Rats,49.5,50.5,49.5
Rust Monster,Thug,50.5,49.5,49.5
Swarm of Bats,Swarm of Rats,49.5,50.5,49.5
Troll,Winter Wolf,50.5,49.5,49.5
"Wereboar, Human Form","Wereboar, Hybrid Form",49.5,50.5,49.5
Androsphinx,Cloud Giant,49.0,51.0,49.0
Ape,Darkmantle,49.0,51.0,49.0
Azer,Giant Scorpion,49.0,51.0,49.0
Bandit,Dretch,49.0,51.0,49.0
Bandit Captain,Succubus/Incubus,49.0,51.0,49.0
Bearded Devil,Bugbear,51.0,49.0,49.0
Berserker,Silver Dragon Wyrmling,51.0,49.0,49.0
Black Bear,Hobgoblin,49.0,51.0,49.0
Black Bear,Priest,51.0,49.0,49.0
Black Pudding,Green Dragon Wyrmling,51.0,49.0,49.0
Blue Dragon Wyrmling,"Wereboar, Human Form",51.0,49.0,49.0
Brass Dragon Wyrmling,Thug,51.0,49.0,49.0
Bronze Dragon Wyrmling,Mimic,51.0,49.0,49.0
Chuul,Rakshasa,51.0,49.0,49.0
Copper Dragon Wyrmling,Death Dog,51.0,49.0,49.0
Crocodile,Draft Horse,51.0,49.0,49.0
Crocodile,Flying Sword,49.0,51.0,49.0
Crocodile,Ghoul,51.0,49.0,49.0
Crocodile,Orc,49.0,51.0,49.0
Cultist,Quasit,51.0,49.0,49.0
Darkmantle,Orc,49.0,51.0,49.0
Darkmantle,"Wererat, Hybrid Form",51.0,49.0,49.0
Darkmantle,"Wererat, Rat Form",51.0,49.0,49.0
Dire Wolf,Giant Octopus,51.0,49.0,49.0
Drider,Hunter Shark,51.0,49.0,49.0
Drow,Giant Poisonous Snake,49.0,51.0,49.0
Earth Elemental,Young Black Dragon,49.0,51.0,49.0
Elk,Giant Poisonous Snake,51.0,49.0,49.0
Erinyes,"Werebear, Bear Form",49.0,51.0,49.0
Erinyes,"Werebear, Hybrid Form",49.0,51.0,49.0
Ettin,Lamia,49.0,51.0,49.0
Flying Sword,Giant Goat,49.0,51.0,49.0
Flying Sword,Reef Shark,51.0,49.0,49.0
Ghost,Medusa,49.0,51.0,49.0
Giant Badger,Giant Weasel,51.0,49.0,49.0
Giant Badger,Grimlock,49.0,51.0,49.0
Giant Bat,Giant Goat,49.0,51.0,49.0
Giant Crab,Giant Wasp,49.0,51.0,49.0
Giant Crab,Panther,49.0,51.0,49.0
Giant Eagle,Mage,51.0,49.0,49.0
Giant Frog,Magmin,51.0,49.0,49.0
Giant Lizard,Giant Vulture,49.0,51.0,49.0
Giant Owl,Spy,49.0,51.0,49.0
Giant Owl,Swarm of Ravens,49.0,51.0,49.0
Giant Weasel,Ice Mephit,49.0,51.0,49.0
Giant Wolf Spider,Goblin,51.0,49.0,49.0
Gnoll,Lizardfolk,51.0,49.0,49.0
Goat,Hyena,51.0,49.0,49.0
Goblin,Grimlock,51.0,49.0,49.0
Griffon,Veteran,51.0,49.0,49.0
Half-Red Dragon Veteran,Vampire Spawn,49.0,51.0,49.0
Harpy,Lion,49.0,51.0,49.0
Harpy,Warhorse,49.0,51.0,49.0
Imp,Magma Mephit,51.0,49.0,49.0
Imp,Zombie,51.0,49.0,49.0
Lamia,Oni,51.0,49.0,49.0
Magmin,Priest,49.0,51.0,49.0
Mimic,Polar Bear,49.0,51.0,49.0
Noble,Pony,51.0,49.0,49.0
Oni,Wraith,51.0,49.0,49.0
Owlbear,Spirit Naga,49.0,51.0,49.0
Rakshasa,Wraith,49.0,51.0,49.0
Rhinoceros,Vampire Spawn,51.0,49.0,49.0
Shadow,Swarm of Ravens,51.0,49.0,49.0
Spirit Naga,Unicorn,51.0,49.0,49.0
Spy,"Wererat, Hybrid Form",49.0,51.0,49.0
Spy,"Wererat, Rat Form",49.0,51.0,49.0
Triceratops,Young Black Dragon,49.0,51.0,49.0
"Vampire, Bat Form",Water Elemental,49.0,51.0,49.0
Adult Blue Dragon,Planetar,48.5,51.5,48.5
Ape,Ghoul,48.5,51.5,48.5
Assassin,Pegasus,51.5,48.5,48.5
Awakened Tree,"Weretiger, Hybrid Form",51.5,48.5,48.5
Awakened Tree,"Weretiger, Tiger Form",51.5,48.5,48.5
Barbed Devil,Nightmare,51.5,48.5,48.5
Berserker,Pegasus,51.5,48.5,48.5
Black Dragon Wyrmling,Gargoyle,51.5,48.5,48.5
Black Pudding,Dire Wolf,48.5,51.5,48.5
Blink Dog,Giant Poisonous Snake,51.5,48.5,48.5
Blood Hawk,Cultist,48.5,51.5,48.5
Blue Dragon Wyrmling,Ghost,48.5,51.5,48.5
Brown Bear,Ochre Jelly,48.5,51.5,48.5
Bugbear,Giant Boar,48.5,51.5,48.5
Bulette,Roper,51.5,48.5,48.5
Chain Devil,Chimera,48.5,51.5,48.5
Chain Devil,Wraith,51.5,48.5,48.5
Cloaker,Nightmare,51.5,48.5,48.5
Copper Dragon Wyrmling,Duergar,51.5,48.5,48.5
Copper Dragon Wyrmling,Grick,48.5,51.5,48.5
Crocodile,Spy,48.5,51.5,48.5
Crocodile,"Wererat, Hybrid Form",51.5,48.5,48.5
Crocodile,"Wererat, Rat Form",51.5,48.5,48.5
Cultist,Dryad,48.5,51.5,48.5
Deep Gnome (Svirfneblin),Flying Sword,51.5,48.5,48.5
Deep Gnome (Svirfneblin),Gnoll,51.5,48.5,48.5
Deep Gnome (Svirfneblin),Orc,48.5,51.5,48.5
Dretch,Giant Wolf Spider,48.5,51.5,48.5
Drow,Hobgoblin,51.5,48.5,48.5
Fire Elemental,Minotaur Skeleton,51.5,48.5,48.5
Flesh Golem,Minotaur Skeleton,51.5,48.5,48.5
Frost Giant,Horned Devil,48.5,51.5,48.5
Ghost,Owlbear,48.5,51.5,48.5
Giant Boar,Giant Hyena,51.5,48.5,48.5
Giant Crab,Giant Sea Horse,48.5,51.5,48.5
Giant Fire Beetle,Goat,48.5,51.5,48.5
Giant Frog,Giant Sea Horse,48.5,51.5,48.5
Giant Frog,Gray Ooze,51.5,48.5,48.5
Giant Frog,Zombie,51.5,48.5,48.5
Giant Hyena,Giant Octopus,51.5,48.5,48.5
Giant Lizard,Shadow,48.5,51.5,48.5
Giant Owl,Hippogriff,48.5,51.5,48.5
Giant Sea Horse,Wolf,48.5,51.5,48.5
Giant Shark,Gorgon,51.5,48.5,48.5
Giant Toad,Warhorse Skeleton,51.5,48.5,48.5
Giant Weasel,Magmin,48.5,51.5,48.5
Gibbering Mouther,Medusa,48.5,51.5,48.5
Grick,Ochre Jelly,48.5,51.5,48.5
Grimlock,Panther,48.5,51.5,48.5
Harpy,Mage,51.5,48.5,48.5
Harpy,Satyr,48.5,51.5,48.5
Hawk,Octopus,51.5,48.5,48.5
Hell Hound,Merrow,48.5,51.5,48.5
Hell Hound,Mimic,51.5,48.5,48.5
Hezrou,Young White Dragon,48.5,51.5,48.5
Hill Giant,Shield Guardian,51.5,48.5,48.5
Hobgoblin,Swarm of Rats,51.5,48.5,48.5
Ice Devil,Young Blue Dragon,48.5,51.5,48.5
Imp,Wolf,51.5,48.5,48.5
Lamia,Salamander,51.5,48.5,48.5
Octopus,Stirge,51.5,48.5,48.5
Pegasus,Vampire Spawn,51.5,48.5,48.5
Pony,Wolf,51.5,48.5,48.5
Pseudodragon,Steam Mephit,48.5,51.5,48.5
Raven,Stirge,51.5,48.5,48.5
Silver Dragon Wyrmling,"Wereboar, Boar Form",48.5,51.5,48.5
Silver Dragon Wyrmling,"Wereboar, Hybrid Form",48.5,51.5,48.5
Spider,Stirge,51.5,48.5,48.5
Sprite,Stirge,51.5,48.5,48.5
Warhorse,Warhorse Skeleton,48.5,51.5,48.5
Ancient Gold Dragon,Ancient Red Dragon,52.0,48.0,48.0
Animated Armor,White Dragon Wyrmling,52.0,48.0,48.0
Assassin,Half-Red Dragon Veteran,48.0,52.0,48.0
Assassin,Medusa,48.0,52.0,48.0
Bandit,Giant Badger,52.0,48.0,48.0
Berserker,Ogre,48.0,52.0,48.0
Blink Dog,Swarm of Bats,52.0,48.0,48.0
Blood Hawk,Mule,52.0,48.0,48.0
Blue Dragon Wyrmling,Giant Constrictor Snake,52.0,48.0,48.0
Brass Dragon Wyrmling,Swarm of Beetles,52.0,48.0,48.0
Brass Dragon Wyrmling,Swarm of Centipedes,52.0,48.0,48.0
Brass Dragon Wyrmling,Swarm of Insects,52.0,48.0,48.0
Brass Dragon Wyrmling,Swarm of Spiders,52.0,48.0,48.0
Brass Dragon Wyrmling,Swarm of Wasps,52.0,48.0,48.0
Bugbear,Will-o'-Wisp,48.0,52.0,48.0
Bulette,Glabrezu,48.0,52.0,48.0
Cat,Poisonous Snake,48.0,52.0,48.0
Centaur,Doppelganger,48.0,52.0,48.0
Chain Devil,Green Hag,48.0,52.0,48.0
Clay Golem,Triceratops,52.0,48.0,48.0
Copper Dragon Wyrmling,Specter,52.0,48.0,48.0
Couatl,Killer Whale,48.0,52.0,48.0
Crab,Jackal,52.0,48.0,48.0
Death Dog,Specter,48.0,52.0,48.0
Deer,Goat,48.0,52.0,48.0
Deer,Stirge,48.0,52.0,48.0
Drow,Scout,48.0,52.0,48.0
Dryad,Quasit,52.0,48.0,48.0
Duergar,Giant Spider,48.0,52.0,48.0
Earth Elemental,Triceratops,48.0,52.0,48.0
Ghost,Giant Constrictor Snake,52.0,48.0,48.0
Ghost,Gibbering Mouther,52.0,48.0,48.0
Ghost,Half-Red Dragon Veteran,52.0,48.0,48.0
Ghoul,Harpy,48.0,52.0,48.0
Giant Ape,Marilith,48.0,52.0,48.0
Giant Ape,Young Blue Dragon,52.0,48.0,48.0
Giant Boar,Mimic,52.0,48.0,48.0
Giant Constrictor Snake,Gibbering Mouther,52.0,48.0,48.0
Giant Constrictor Snake,Ogre,48.0,52.0,48.0
Giant Crab,Magmin,52.0,48.0,48.0
Giant Goat,Hippogriff,52.0,48.0,48.0
Giant Goat,Rust Monster,52.0,48.0,48.0
Giant Goat,Thug,48.0,52.0,48.0
Giant Poisonous Snake,Swarm of Bats,52.0,48.0,48.0
Giant Rat,Mule,52.0,48.0,48.0
Giant Rat (Diseased),Mule,52.0,48.0,48.0
Giant Scorpion,Green Dragon Wyrmling,48.0,52.0,48.0
Gladiator,Wraith,48.0,52.0,48.0
Gray Ooze,Sahuagin,48.0,52.0,48.0
Grimlock,Magmin,52.0,48.0,48.0
Gynosphinx,Young Green Dragon,52.0,48.0,48.0
Half-Red Dragon Veteran,Medusa,52.0,48.0,48.0
Harpy,Swarm of Beetles,48.0,52.0,48.0
Harpy,Swarm of Centipedes,48.0,52.0,48.0
Harpy,Swarm of Insects,48.0,52.0,48.0
Harpy,Swarm of Spiders,48.0,52.0,48.0
Harpy,Swarm of Wasps,48.0,52.0,48.0
Hell Hound,Polar Bear,48.0,52.0,48.0
Hezrou,Triceratops,52.0,48.0,48.0
Hippogriff,Thug,52.0,48.0,48.0
Hobgoblin,Swarm of Bats,48.0,52.0,48.0
Homunculus,Hyena,52.0,48.0,48.0
Hunter Shark,Rhinoceros,52.0,48.0,48.0
Ice Mephit,Zombie,48.0,52.0,48.0
Magma Mephit,Zombie,52.0,48.0,48.0
Night Hag,Shield Guardian,48.0,52.0,48.0
Oni,Wyvern,52.0,48.0,48.0
Owlbear,"Weretiger, Human Form",52.0,48.0,48.0
Pseudodragon,Quasit,48.0,52.0,48.0
Reef Shark,Spy,52.0,48.0,48.0
Salamander,"Werebear, Human Form",52.0,48.0,48.0
Shield Guardian,Young Brass Dragon,48.0,52.0,48.0
Young Gold Dragon,Young Red Dragon,52.0,48.0,48.0
Adult Gold Dragon,Roc,52.5,47.5,47.5
Adult Red Dragon,Roc,52.5,47.5,47.5
Air Elemental,Killer Whale,47.5,52.5,47.5
Animated Armor,"Werewolf, Hybrid Form",47.5,52.5,47.5
Animated Armor,"Werewolf, Wolf Form",47.5,52.5,47.5
Axe Beak,Swarm of Rats,52.5,47.5,47.5
Azer,Giant Boar,47.5,52.5,47.5
Bandit,Goblin,47.5,52.5,47.5
Behir,Cloud Giant,47.5,52.5,47.5
Black Pudding,Giant Scorpion,52.5,47.5,47.5
Black Pudding,Swarm of Quippers,52.5,47.5,47.5
Bulette,Ice Devil,47.5,52.5,47.5
Bulette,Stone Giant,52.5,47.5,47.5
Chimera,Elephant,47.5,52.5,47.5
Clay Golem,Young Copper Dragon,52.5,47.5,47.5
Cockatrice,Wolf,52.5,47.5,47.5
Couatl,Elephant,47.5,52.5,47.5
Crab,Hawk,52.5,47.5,47.5
Crab,Quipper,52.5,47.5,47.5
Crab,Weasel,52.5,47.5,47.5
Crocodile,Swarm of Ravens,47.5,52.5,47.5
Dryad,Giant Badger,52.5,47.5,47.5
Duergar,Giant Toad,47.5,52.5,47.5
Duergar,Grick,47.5,52.5,47.5
Dust Mephit,Giant Crab,52.5,47.5,47.5
Eagle,Kobold,47.5,52.5,47.5
Gelatinous Cube,Giant Elk,52.5,47.5,47.5
Gelatinous Cube,Veteran,47.5,52.5,47.5
Ghost,Pegasus,52.5,47.5,47.5
Giant Crocodile,Hydra,47.5,52.5,47.5
Giant Elk,Sea Hag,52.5,47.5,47.5
Giant Shark,Roper,47.5,52.5,47.5
Giant Toad,Grick,52.5,47.5,47.5
Gibbering Mouther,Silver Dragon Wyrmling,47.5,52.5,47.5
Gibbering Mouther,Vampire Spawn,52.5,47.5,47.5
Glabrezu,Mammoth,52.5,47.5,47.5
Grimlock,Sahuagin,47.5,52.5,47.5
Hunter Shark,Silver Dragon Wyrmling,52.5,47.5,47.5
Hunter Shark,"Wereboar, Human Form",52.5,47.5,47.5
Hydra,Young Copper Dragon,47.5,52.5,47.5
Ice Devil,Mammoth,52.5,47.5,47.5
Imp,Magmin,52.5,47.5,47.5
Killer Whale,"Werebear, Bear Form",52.5,47.5,47.5
Killer Whale,"Werebear, Hybrid Form",52.5,47.5,47.5
Lamia,Wyvern,47.5,52.5,47.5
Magma Mephit,Sahuagin,47.5,52.5,47.5
Magmin,Wolf,52.5,47.5,47.5
Mule,Violet Fungus,52.5,47.5,47.5
Ochre Jelly,Tiger,47.5,52.5,47.5
Ogre,"Weretiger, Human Form",47.5,52.5,47.5
Pegasus,"Wereboar, Boar Form",52.5,47.5,47.5
Pegasus,"Wereboar, Hybrid Form",52.5,47.5,47.5
Plesiosaurus,Red Dragon Wyrmling,52.5,47.5,47.5
Rat,Raven,52.5,47.5,47.5
Rat,Spider,52.5,47.5,47.5
Roper,Stone Giant,47.5,52.5,47.5
Saber-Toothed Tiger,Sea Hag,52.5,47.5,47.5
Sea Hag,"Wereboar, Human Form",47.5,52.5,47.5
Shambling Mound,Shield Guardian,47.5,52.5,47.5
Stone Giant,Young Blue Dragon,47.5,52.5,47.5
Vrock,"Werebear, Human Form",52.5,47.5,47.5
Warhorse Skeleton,White Dragon Wyrmling,47.5,52.5,47.5
Aboleth,Triceratops,47.0,53.0,47.0
Aboleth,Young White Dragon,53.0,47.0,47.0
Adult Brass Dragon,Stone Golem,47.0,53.0,47.0
Ape,Giant Bat,53.0,47.0,47.0
Ape,Lizardfolk,53.0,47.0,47.0
Ape,Shadow,53.0,47.0,47.0
Awakened Tree,Barbed Devil,53.0,47.0,47.0
Baboon,Poisonous Snake,47.0,53.0,47.0
Bearded Devil,Giant Scorpion,47.0,53.0,47.0
Black Dragon Wyrmling,Ghast,47.0,53.0,47.0
Blink Dog,Cult Fanatic,47.0,53.0,47.0
Blink Dog,Scout,53.0,47.0,47.0
Blue Dragon Wyrmling,Rhinoceros,53.0,47.0,47.0
Bone Devil,Giant Crocodile,53.0,47.0,47.0
Brass Dragon Wyrmling,Harpy,47.0,53.0,47.0
Bronze Dragon Wyrmling,Giant Boar,53.0,47.0,47.0
Bronze Dragon Wyrmling,Merrow,47.0,53.0,47.0
Brown Bear,Ettercap,53.0,47.0,47.0
Bugbear,Dire Wolf,47.0,53.0,47.0
Bugbear,Swarm of Quippers,53.0,47.0,47.0
Commoner,Giant Fire Beetle,47.0,53.0,47.0
Constrictor Snake,Skeleton,47.0,53.0,47.0
Couatl,Xorn,53.0,47.0,47.0
Crocodile,Hippogriff,53.0,47.0,47.0
Darkmantle,Hippogriff,53.0,47.0,47.0
Dust Mephit,Wolf,53.0,47.0,47.0
Earth Elemental,Young White Dragon,53.0,47.0,47.0
Ettin,Vrock,53.0,47.0,47.0
Ettin,Wyvern,53.0,47.0,47.0
Fire Giant,Purple Worm,53.0,47.0,47.0
Flying Sword,Spy,47.0,53.0,47.0
Gelatinous Cube,Sea Hag,47.0,53.0,47.0
Ghost,Vampire Spawn,47.0,53.0,47.0
Giant Badger,Goblin,53.0,47.0,47.0
Giant Crab,Giant Frog,53.0,47.0,47.0
Giant Crab,Gray Ooze,53.0,47.0,47.0
Giant Crab,Zombie,53.0,47.0,47.0
Giant Elk,Manticore,53.0,47.0,47.0
Giant Lizard,Gnoll,47.0,53.0,47.0
Giant Lizard,Lizardfolk,47.0,53.0,47.0
Giant Lizard,Reef Shark,53.0,47.0,47.0
Giant Owl,"Wererat, Hybrid Form",53.0,47.0,47.0
Giant Owl,"Wererat, Rat Form",53.0,47.0,47.0
Giant Scorpion,Mimic,47.0,53.0,47.0
Giant Shark,Young Bronze Dragon,53.0,47.0,47.0
Giant Wasp,Skeleton,47.0,53.0,47.0
Gnoll,Shadow,47.0,53.0,47.0
Gold Dragon Wyrmling,Ogre Zombie,53.0,47.0,47.0
Gold Dragon Wyrmling,Troll,47.0,53.0,47.0
Gold Dragon Wyrmling,Winter Wolf,53.0,47.0,47.0
Gorgon,Stone Giant,47.0,53.0,47.0
Gorgon,Young Bronze Dragon,53.0,47.0,47.0
Imp,Sahuagin,47.0,53.0,47.0
Jackal,Poisonous Snake,47.0,53.0,47.0
Manticore,Sea Hag,53.0,47.0,47.0
Mummy,Succubus/Incubus,53.0,47.0,47.0
Ogre Zombie,Winter Wolf,53.0,47.0,47.0
Orc,Satyr,47.0,53.0,47.0
Orc,"Wererat, Human Form",47.0,53.0,47.0
Owlbear,Unicorn,47.0,53.0,47.0
Panther,Skeleton,47.0,53.0,47.0
Pony,Skeleton,47.0,53.0,47.0
Reef Shark,Swarm of Ravens,47.0,53.0,47.0
Rhinoceros,"Wereboar, Boar Form",53.0,47.0,47.0
Rhinoceros,"Wereboar, Hybrid Form",53.0,47.0,47.0
Swarm of Poisonous Snakes,Tiger,53.0,47.0,47.0
Tiger,White Dragon Wyrmling,53.0,47.0,47.0
Warhorse Skeleton,Will-o'-Wisp,47.0,53.0,47.0
Acolyte,Giant Centipede,53.5,46.5,46.5
Adult Bronze Dragon,Fire Giant,53.5,46.5,46.5
Ancient Green Dragon,Dragon Turtle,53.5,46.5,46.5
Ape,Hippogriff,46.5,53.5,46.5
Ape,Orc,46.5,53.5,46.5
Assassin,Vampire Spawn,46.5,53.5,46.5
Axe Beak,Hobgoblin,53.5,46.5,46.5
Azer,Bugbear,53.5,46.5,46.5
Azer,Green Dragon Wyrmling,46.5,53.5,46.5
Balor,Storm Giant,53.5,46.5,46.5
Bandit Captain,Mummy,53.5,46.5,46.5
Black Bear,Giant Poisonous Snake,53.5,46.5,46.5
Black Dragon Wyrmling,Swarm of Quippers,46.5,53.5,46.5
Black Pudding,Giant Boar,53.5,46.5,46.5
Bugbear,Ghast,53.5,46.5,46.5
Bugbear,Giant Scorpion,53.5,46.5,46.5
Bugbear,Hell Hound,46.5,53.5,46.5
Chimera,Green Hag,53.5,46.5,46.5
Constrictor Snake,Giant Sea Horse,53.5,46.5,46.5
Cultist,Violet Fungus,53.5,46.5,46.5
Draft Horse,Giant Eagle,46.5,53.5,46.5
Drider,"Wereboar, Human Form",46.5,53.5,46.5
Gelatinous Cube,Rhinoceros,53.5,46.5,46.5
Ghast,Giant Boar,53.5,46.5,46.5
Ghast,Giant Scorpion,53.5,46.5,46.5
Giant Constrictor Snake,Half-Red Dragon Veteran,53.5,46.5,46.5
Giant Constrictor Snake,Vampire Spawn,53.5,46.5,46.5
Giant Goat,"Wererat, Hybrid Form",53.5,46.5,46.5
Giant Goat,"Wererat, Rat Form",53.5,46.5,46.5
Giant Owl,Orc,53.5,46.5,46.5
Giant Spider,Worg,46.5,53.5,46.5
Giant Toad,Worg,46.5,53.5,46.5
Giant Wolf Spider,Grimlock,46.5,53.5,46.5
Gnoll,Reef Shark,46.5,53.5,46.5
Gorgon,Roper,53.5,46.5,46.5
Griffon,Manticore,46.5,53.5,46.5
Hyena,Stirge,53.5,46.5,46.5
Mage,Satyr,53.5,46.5,46.5
Minotaur,Otyugh,46.5,53.5,46.5
Mummy,Saber-Toothed Tiger,46.5,53.5,46.5
Night Hag,Shambling Mound,53.5,46.5,46.5
Nightmare,Plesiosaurus,46.5,53.5,46.5
Noble,Panther,46.5,53.5,46.5
Orc,Swarm of Beetles,53.5,46.5,46.5
Orc,Swarm of Centipedes,53.5,46.5,46.5
Orc,Swarm of Insects,53.5,46.5,46.5
Orc,Swarm of Spiders,53.5,46.5,46.5
Orc,Swarm of Wasps,53.5,46.5,46.5
Pony,Zombie,53.5,46.5,46.5
Raven,Sprite,53.5,46.5,46.5
Salamander,Wyvern,46.5,53.5,46.5
Scout,Swarm of Bats,53.5,46.5,46.5
Spider,Sprite,53.5,46.5,46.5
Spirit Naga,"Weretiger, Human Form",53.5,46.5,46.5
Swarm of Ravens,Swarm of Spiders,46.5,53.5,46.5
Swarm of Ravens,Swarm of Wasps,46.5,53.5,46.5
"Weretiger, Hybrid Form","Weretiger, Tiger Form",53.5,46.5,46.5
Aboleth,Young Black Dragon,46.0,54.0,46.0
Acolyte,Flying Snake,54.0,46.0,46.0
Adult Blue Dragon,Purple Worm,46.0,54.0,46.0
Ancient Black Dragon,Ancient Green Dragon,54.0,46.0,46.0
Ankheg,Giant Octopus,54.0,46.0,46.0
Assassin,Berserker,54.0,46.0,46.0
Baboon,Badger,46.0,54.0,46.0
Badger,Commoner,46.0,54.0,46.0
Badger,Sprite,54.0,46.0,46.0
Barbed Devil,Winter Wolf,54.0,46.0,46.0
Bat,Hawk,46.0,54.0,46.0
Bat,Quipper,46.0,54.0,46.0
Bat,Weasel,46.0,54.0,46.0
Berserker,Blue Dragon Wyrmling,54.0,46.0,46.0
Black Dragon Wyrmling,Bugbear,46.0,54.0,46.0
Blue Dragon Wyrmling,Ogre,46.0,54.0,46.0
Blue Dragon Wyrmling,"Wereboar, Boar Form",46.0,54.0,46.0
Blue Dragon Wyrmling,"Wereboar, Hybrid Form",46.0,54.0,46.0
Brass Dragon Wyrmling,Warhorse,46.0,54.0,46.0
Brown Bear,Warhorse Skeleton,54.0,46.0,46.0
Brown Bear,Worg,54.0,46.0,46.0
Bugbear,Green Dragon Wyrmling,46.0,54.0,46.0
Bulette,Mammoth,54.0,46.0,46.0
Camel,Cultist,46.0,54.0,46.0
Chain Devil,Gladiator,54.0,46.0,46.0
Commoner,Vulture,46.0,54.0,46.0
Constrictor Snake,Dust Mephit,54.0,46.0,46.0
Constrictor Snake,Wolf,54.0,46.0,46.0
Copper Dragon Wyrmling,Giant Spider,46.0,54.0,46.0
Deep Gnome (Svirfneblin),Giant Goat,46.0,54.0,46.0
Deva,Killer Whale,46.0,54.0,46.0
Doppelganger,Mummy,46.0,54.0,46.0
Drider,Ghost,46.0,54.0,46.0
Drow,Swarm of Bats,46.0,54.0,46.0
Ettin,"Werebear, Human Form",54.0,46.0,46.0
Flying Sword,Ghoul,46.0,54.0,46.0
Gargoyle,"Werewolf, Hybrid Form",54.0,46.0,46.0
Gargoyle,"Werewolf, Wolf Form",54.0,46.0,46.0
Ghast,Merrow,46.0,54.0,46.0
Ghast,Will-o'-Wisp,46.0,54.0,46.0
Ghost,Ogre,54.0,46.0,46.0
Giant Badger,Noble,46.0,54.0,46.0
Giant Boar,Hell Hound,54.0,46.0,46.0
Giant Eagle,Warhorse,54.0,46.0,46.0
Giant Sea Horse,Giant Wasp,54.0,46.0,46.0
Giant Sea Horse,Panther,54.0,46.0,46.0
Giant Shark,Treant,54.0,46.0,46.0
Giant Spider,Giant Toad,46.0,54.0,46.0
Giant Spider,Grick,46.0,54.0,46.0
Giant Vulture,Reef Shark,54.0,46.0,46.0
Giant Vulture,Spy,46.0,54.0,46.0
Giant Wasp,Wolf,54.0,46.0,46.0
Gibbering Mouther,Owlbear,54.0,46.0,46.0
Glabrezu,Young Blue Dragon,46.0,54.0,46.0
Gnoll,"Wererat, Hybrid Form",46.0,54.0,46.0
Gnoll,"Wererat, Rat Form",46.0,54.0,46.0
Goat,Homunculus,46.0,54.0,46.0
Gold Dragon Wyrmling,Nightmare,46.0,54.0,46.0
Gray Ooze,Skeleton,46.0,54.0,46.0
Grick,Wight,54.0,46.0,46.0
Grimlock,Wolf,46.0,54.0,46.0
Horned Devil,Young Silver Dragon,46.0,54.0,46.0
Ice Mephit,Imp,54.0,46.0,46.0
Lich,Triceratops,54.0,46.0,46.0
Magma Mephit,Panther,54.0,46.0,46.0
Minotaur,Rakshasa,54.0,46.0,46.0
Owl,Stirge,46.0,54.0,46.0
Panther,Wolf,54.0,46.0,46.0
Priest,Skeleton,54.0,46.0,46.0
Satyr,Warhorse,46.0,54.0,46.0
Shadow,Thug,46.0,54.0,46.0
Steam Mephit,Violet Fungus,54.0,46.0,46.0
"Vampire, Vampire Form","Werebear, Bear Form",54.0,46.0,46.0
"Vampire, Vampire Form","Werebear, Hybrid Form",54.0,46.0,46.0
Young Brass Dragon,Young Copper Dragon,46.0,54.0,46.0
Adult Black Dragon,Cloud Giant,54.5,45.5,45.5
Animated Armor,Tiger,45.5,54.5,45.5
Ankheg,Archmage,45.5,54.5,45.5
Ankheg,Doppelganger,45.5,54.5,45.5
Ape,Flying Sword,54.5,45.5,45.5
Assassin,Gibbering Mouther,54.5,45.5,45.5
Awakened Tree,Cloaker,54.5,45.5,45.5
Berserker,Gibbering Mouther,54.5,45.5,45.5
Black Bear,Scout,45.5,54.5,45.5
Black Pudding,Ghast,54.5,45.5,45.5
Blue Dragon Wyrmling,Pegasus,54.5,45.5,45.5
Boar,Goblin,45.5,54.5,45.5
Bone Devil,Hydra,45.5,54.5,45.5
Bronze Dragon Wyrmling,Polar Bear,45.5,54.5,45.5
Camel,Mule,45.5,54.5,45.5
Cat,Jackal,54.5,45.5,45.5
Constrictor Snake,Giant Crab,45.5,54.5,45.5
Crab,Poisonous Snake,45.5,54.5,45.5
Cultist,Steam Mephit,54.5,45.5,45.5
Darkmantle,Rust Monster,45.5,54.5,45.5
Darkmantle,Spy,45.5,54.5,45.5
Death Dog,Lion,54.5,45.5,45.5
Deep Gnome (Svirfneblin),Giant Bat,54.5,45.5,45.5
Deep Gnome (Svirfneblin),Lizardfolk,54.5,45.5,45.5
Deep Gnome (Svirfneblin),"Wererat, Hybrid Form",45.5,54.5,45.5
Deep Gnome (Svirfneblin),"Wererat, Rat Form",45.5,54.5,45.5
Dire Wolf,Polar Bear,54.5,45.5,45.5
Draft Horse,Lion,45.5,54.5,45.5
Dust Mephit,Skeleton,54.5,45.5,45.5
Flying Snake,Lemure,45.5,54.5,45.5
Flying Snake,Mastiff,45.5,54.5,45.5
Ghast,Mimic,45.5,54.5,45.5
Ghoul,Giant Eagle,45.5,54.5,45.5
Ghoul,Lion,45.5,54.5,45.5
Ghoul,Swarm of Beetles,45.5,54.5,45.5
Ghoul,Swarm of Centipedes,45.5,54.5,45.5
Ghoul,Swarm of Insects,45.5,54.5,45.5
Ghoul,Swarm of Spiders,45.5,54.5,45.5
Ghoul,Swarm of Wasps,45.5,54.5,45.5
Giant Crab,Sahuagin,54.5,45.5,45.5
Giant Elk,Hunter Shark,54.5,45.5,45.5
Giant Elk,Veteran,54.5,45.5,45.5
Giant Poisonous Snake,Scout,54.5,45.5,45.5
Giant Scorpion,Will-o'-Wisp,54.5,45.5,45.5
Giant Sea Horse,Gray Ooze,54.5,45.5,45.5
Giant Sea Horse,Zombie,54.5,45.5,45.5
Giant Weasel,Magma Mephit,45.5,54.5,45.5
Giant Weasel,Wolf,45.5,54.5,45.5
Giant Wolf Spider,Pony,45.5,54.5,45.5
Gibbering Mouther,Ogre Zombie,45.5,54.5,45.5
Grick,Phase Spider,54.5,45.5,45.5
Griffon,Saber-Toothed Tiger,45.5,54.5,45.5
Grimlock,Zombie,45.5,54.5,45.5
Hill Giant,Young Brass Dragon,45.5,54.5,45.5
Hunter Shark,Pegasus,45.5,54.5,45.5
Ice Devil,Marilith,45.5,54.5,45.5
Killer Whale,Xorn,54.5,45.5,45.5
Knight,Winter Wolf,45.5,54.5,45.5
Manticore,Rhinoceros,45.5,54.5,45.5
Mule,Steam Mephit,54.5,45.5,45.5
Mummy,Veteran,45.5,54.5,45.5
Phase Spider,Warhorse Skeleton,45.5,54.5,45.5
Pony,Sahuagin,54.5,45.5,45.5
Reef Shark,Thug,45.5,54.5,45.5
Saber-Toothed Tiger,Veteran,54.5,45.5,45.5
Sahuagin,Skeleton,45.5,54.5,45.5
Satyr,Specter,45.5,54.5,45.5
Swarm of Ravens,Warhorse,45.5,54.5,45.5
Adult Copper Dragon,Stone Golem,55.0,45.0,45.0
Adult White Dragon,Androsphinx,55.0,45.0,45.0
Animated Armor,Warhorse Skeleton,55.0,45.0,45.0
Ankheg,Centaur,55.0,45.0,45.0
Ape,Reef Shark,55.0,45.0,45.0
Archmage,Doppelganger,55.0,45.0,45.0
Awakened Shrub,Eagle,55.0,45.0,45.0
Axe Beak,Crocodile,45.0,55.0,45.0
Axe Beak,Deep Gnome (Svirfneblin),45.0,55.0,45.0
Axe Beak,Giant Lizard,55.0,45.0,45.0
Bandit Captain,Giant Elk,45.0,55.0,45.0
Bearded Devil,Ghast,55.0,45.0,45.0
Berserker,"Wereboar, Boar Form",45.0,55.0,45.0
Berserker,"Wereboar, Hybrid Form",45.0,55.0,45.0
Black Bear,Drow,45.0,55.0,45.0
Black Pudding,Bronze Dragon Wyrmling,55.0,45.0,45.0
Black Pudding,Mimic,45.0,55.0,45.0
Blood Hawk,Camel,55.0,45.0,45.0
Bone Devil,Hill Giant,55.0,45.0,45.0
Bone Devil,Shield Guardian,55.0,45.0,45.0
Bronze Dragon Wyrmling,Green Dragon Wyrmling,55.0,45.0,45.0
Cat,Hawk,55.0,45.0,45.0
Cat,Quipper,55.0,45.0,45.0
Cat,Weasel,55.0,45.0,45.0
Constrictor Snake,Gray Ooze,55.0,45.0,45.0
Constrictor Snake,Zombie,55.0,45.0,45.0
Crocodile,Darkmantle,55.0,45.0,45.0
Crocodile,Giant Bat,55.0,45.0,45.0
Crocodile,Lizardfolk,55.0,45.0,45.0
Crocodile,Thug,45.0,55.0,45.0
Cult Fanatic,Swarm of Rats,45.0,55.0,45.0
Death Dog,Giant Spider,45.0,55.0,45.0
Deva,Xorn,55.0,45.0,45.0
Dire Wolf,Merrow,55.0,45.0,45.0
Dire Wolf,Mimic,55.0,45.0,45.0
Dretch,Goblin,45.0,55.0,45.0
Dretch,Grimlock,45.0,55.0,45.0
Drow,Giant Lizard,45.0,55.0,45.0
Eagle,Mastiff,55.0,45.0,45.0
Ettercap,Tiger,45.0,55.0,45.0
Flying Sword,Giant Bat,55.0,45.0,45.0
Flying Sword,Lizardfolk,55.0,45.0,45.0
Frost Giant,Young Silver Dragon,45.0,55.0,45.0
Gelatinous Cube,Succubus/Incubus,55.0,45.0,45.0
Ghoul,Warhorse,45.0,55.0,45.0
Giant Bat,Lizardfolk,55.0,45.0,45.0
Giant Bat,Shadow,55.0,45.0,45.0
Giant Boar,Merrow,55.0,45.0,45.0
Giant Constrictor Snake,Owlbear,45.0,55.0,45.0
Giant Fire Beetle,Octopus,55.0,45.0,45.0
Giant Lizard,Hobgoblin,55.0,45.0,45.0
Giant Owl,Reef Shark,55.0,45.0,45.0
Giant Sea Horse,Magmin,55.0,45.0,45.0
Giant Sea Horse,Sahuagin,55.0,45.0,45.0
Giant Spider,Phase Spider,45.0,55.0,45.0
Giant Toad,Ochre Jelly,45.0,55.0,45.0
Giant Vulture,Shadow,55.0,45.0,45.0
Giant Wasp,Gray Ooze,55.0,45.0,45.0
Giant Wasp,Zombie,55.0,45.0,45.0
Gibbering Mouther,Veteran,55.0,45.0,45.0
Goat,Stirge,55.0,45.0,45.0
Goblin,Noble,45.0,55.0,45.0
Green Hag,Otyugh,55.0,45.0,45.0
Griffon,Succubus/Incubus,55.0,45.0,45.0
Hill Giant,Hydra,45.0,55.0,45.0
Hippogriff,"Wererat, Human Form",45.0,55.0,45.0
Ice Mephit,Sahuagin,45.0,55.0,45.0
Knight,Spirit Naga,55.0,45.0,45.0
Lamia,Wraith,45.0,55.0,45.0
Lizardfolk,Shadow,55.0,45.0,45.0
Magmin,Scout,45.0,55.0,45.0
Medusa,Owlbear,45.0,55.0,45.0
Mummy Lord,Young Copper Dragon,45.0,55.0,45.0
Night Hag,Young Brass Dragon,45.0,55.0,45.0
Ochre Jelly,Wight,55.0,45.0,45.0
Oni,"Werebear, Human Form",55.0,45.0,45.0
Orc,Specter,45.0,55.0,45.0
Panther,Zombie,55.0,45.0,45.0
Satyr,Swarm of Beetles,55.0,45.0,45.0
Satyr,Swarm of Centipedes,55.0,45.0,45.0
Satyr,Swarm of Insects,55.0,45.0,45.0
Satyr,Swarm of Spiders,55.0,45.0,45.0
Satyr,Swarm of Wasps,55.0,45.0,45.0
Swarm of Poisonous Snakes,Will-o'-Wisp,45.0,55.0,45.0
Swarm of Ravens,"Wererat, Human Form",45.0,55.0,45.0
Acolyte,Mastiff,44.5,55.5,44.5
Assassin,Ghost,55.5,44.5,44.5
Assassin,Silver Dragon Wyrmling,55.5,44.5,44.5
Axe Beak,Giant Bat,44.5,55.5,44.5
Axe Beak,Giant Vulture,44.5,55.5,44.5
Axe Beak,Lizardfolk,44.5,55.5,44.5
Baboon,Jackal,55.5,44.5,44.5
Bandit,Noble,44.5,55.5,44.5
Basilisk,Veteran,44.5,55.5,44.5
Bat,Raven,55.5,44.5,44.5
Bat,Spider,55.5,44.5,44.5
Black Dragon Wyrmling,Tiger,55.5,44.5,44.5
Blue Dragon Wyrmling,Silver Dragon Wyrmling,44.5,55.5,44.5
Bronze Dragon Wyrmling,Centaur,44.5,55.5,44.5
Brown Bear,Swarm of Poisonous Snakes,44.5,55.5,44.5
Bulette,Young Blue Dragon,44.5,55.5,44.5
Chuul,Wyvern,55.5,44.5,44.5
Couatl,Water Elemental,44.5,55.5,44.5
Crocodile,Deep Gnome (Svirfneblin),55.5,44.5,44.5
Crocodile,Rust Monster,44.5,55.5,44.5
Cult Fanatic,Giant Lizard,44.5,55.5,44.5
Death Dog,Warhorse,55.5,44.5,44.5
Deep Gnome (Svirfneblin),Spy,44.5,55.5,44.5
Deep Gnome (Svirfneblin),Swarm of Ravens,44.5,55.5,44.5
Dretch,Giant Badger,55.5,44.5,44.5
Dust Mephit,Riding Horse,44.5,55.5,44.5
Ettercap,Wight,55.5,44.5,44.5
Ghoul,Mage,44.5,55.5,44.5
Giant Constrictor Snake,Medusa,55.5,44.5,44.5
Giant Constrictor Snake,"Wereboar, Boar Form",55.5,44.5,44.5
Giant Constrictor Snake,"Wereboar, Hybrid Form",55.5,44.5,44.5
Giant Constrictor Snake,"Weretiger, Human Form",44.5,55.5,44.5
Giant Lizard,Swarm of Rats,55.5,44.5,44.5
Giant Lizard,"Wererat, Hybrid Form",44.5,55.5,44.5
Giant Lizard,"Wererat, Rat Form",44.5,55.5,44.5
Giant Spider,Warhorse Skeleton,44.5,55.5,44.5
Giant Vulture,Lizardfolk,55.5,44.5,44.5
Giant Vulture,Orc,44.5,55.5,44.5
Giant Weasel,Panther,44.5,55.5,44.5
Goblin,Ice Mephit,44.5,55.5,44.5
Green Dragon Wyrmling,Swarm of Quippers,55.5,44.5,44.5
Green Dragon Wyrmling,Will-o'-Wisp,55.5,44.5,44.5
Hunter Shark,"Wereboar, Boar Form",44.5,55.5,44.5
Hunter Shark,"Wereboar, Hybrid Form",44.5,55.5,44.5
Ice Mephit,Noble,55.5,44.5,44.5
Imp,Skeleton,44.5,55.5,44.5
Mummy Lord,Young Brass Dragon,55.5,44.5,44.5
Noble,Zombie,44.5,55.5,44.5
Scorpion,Stirge,44.5,55.5,44.5
Spy,Swarm of Ravens,44.5,55.5,44.5
Swarm of Poisonous Snakes,White Dragon Wyrmling,55.5,44.5,44.5
Swarm of Ravens,Thug,55.5,44.5,44.5
Unicorn,Winter Wolf,44.5,55.5,44.5
"Werewolf, Hybrid Form","Werewolf, Wolf Form",55.5,44.5,44.5
Acolyte,Kobold,44.0,56.0,44.0
Animated Armor,Swarm of Poisonous Snakes,44.0,56.0,44.0
Axe Beak,Giant Owl,44.0,56.0,44.0
Balor,Kraken,44.0,56.0,44.0
Bandit Captain,Gelatinous Cube,44.0,56.0,44.0
Bandit Captain,Hunter Shark,44.0,56.0,44.0
Bandit Captain,Saber-Toothed Tiger,44.0,56.0,44.0
Basilisk,Giant Elk,44.0,56.0,44.0
Bat,Cat,56.0,44.0,44.0
Bearded Devil,Will-o'-Wisp,56.0,44.0,44.0
Black Bear,Cult Fanatic,44.0,56.0,44.0
Black Bear,Skeleton,56.0,44.0,44.0
Black Pudding,Bugbear,56.0,44.0,44.0
Black Pudding,Hell Hound,44.0,56.0,44.0
Brass Dragon Wyrmling,Draft Horse,56.0,44.0,44.0
Bronze Dragon Wyrmling,Giant Hyena,44.0,56.0,44.0
Bugbear,Giant Hyena,44.0,56.0,44.0
Camel,Quasit,44.0,56.0,44.0
Cat,Sprite,44.0,56.0,44.0
Centaur,Polar Bear,56.0,44.0,44.0
Cloaker,Winter Wolf,56.0,44.0,44.0
Cockatrice,Drow,44.0,56.0,44.0
Cockatrice,Skeleton,56.0,44.0,44.0
Constrictor Snake,Giant Frog,56.0,44.0,44.0
Constrictor Snake,Magmin,56.0,44.0,44.0
Constrictor Snake,Sahuagin,56.0,44.0,44.0
Copper Dragon Wyrmling,Ochre Jelly,44.0,56.0,44.0
Cult Fanatic,Hobgoblin,56.0,44.0,44.0
Darkmantle,Swarm of Ravens,44.0,56.0,44.0
Deer,Giant Fire Beetle,56.0,44.0,44.0
Draft Horse,"Wererat, Human Form",56.0,44.0,44.0
Dryad,Giant Wolf Spider,44.0,56.0,44.0
Elk,Riding Horse,56.0,44.0,44.0
Ettercap,White Dragon Wyrmling,44.0,56.0,44.0
Flying Sword,Gnoll,56.0,44.0,44.0
Gelatinous Cube,Hunter Shark,56.0,44.0,44.0
Giant Ape,Ice Devil,56.0,44.0,44.0
Giant Badger,Giant Wolf Spider,44.0,56.0,44.0
Giant Boar,Swarm of Quippers,56.0,44.0,44.0
Giant Crab,Wolf,44.0,56.0,44.0
Giant Scorpion,Polar Bear,44.0,56.0,44.0
Giant Vulture,"Wererat, Hybrid Form",44.0,56.0,44.0
Giant Vulture,"Wererat, Rat Form",44.0,56.0,44.0
Giant Wasp,Magmin,56.0,44.0,44.0
Giant Wasp,Sahuagin,56.0,44.0,44.0
Gray Ooze,Magma Mephit,56.0,44.0,44.0
Gray Ooze,Magmin,56.0,44.0,44.0
Gray Ooze,Panther,56.0,44.0,44.0
Half-Red Dragon Veteran,Pegasus,56.0,44.0,44.0
Half-Red Dragon Veteran,"Wereboar, Boar Form",56.0,44.0,44.0
Half-Red Dragon Veteran,"Wereboar, Hybrid Form",56.0,44.0,44.0
Hunter Shark,Sea Hag,56.0,44.0,44.0
Ice Mephit,Magma Mephit,56.0,44.0,44.0
Knight,Troll,44.0,56.0,44.0
Knight,Unicorn,56.0,44.0,44.0
Lamia,Minotaur,44.0,56.0,44.0
Lion,Specter,56.0,44.0,44.0
Mage,Swarm of Beetles,56.0,44.0,44.0
Mage,Swarm of Centipedes,56.0,44.0,44.0
Mage,Swarm of Insects,56.0,44.0,44.0
Mage,Swarm of Spiders,56.0,44.0,44.0
Mage,Swarm of Wasps,56.0,44.0,44.0
Medusa,Vampire Spawn,44.0,56.0,44.0
Octopus,Vulture,44.0,56.0,44.0
Orc,Thug,56.0,44.0,44.0
Otyugh,Wraith,56.0,44.0,44.0
Panther,Sahuagin,56.0,44.0,44.0
Pegasus,Silver Dragon Wyrmling,56.0,44.0,44.0
Quasit,Violet Fungus,56.0,44.0,44.0
Scorpion,Weasel,56.0,44.0,44.0
Shadow,Warhorse,44.0,56.0,44.0
Shambling Mound,Young Brass Dragon,44.0,56.0,44.0
Specter,Warhorse Skeleton,44.0,56.0,44.0
Swarm of Poisonous Snakes,"Werewolf, Hybrid Form",44.0,56.0,44.0
Swarm of Poisonous Snakes,"Werewolf, Wolf Form",44.0,56.0,44.0
Water Elemental,"Werebear, Bear Form",44.0,56.0,44.0
Water Elemental,"Werebear, Hybrid Form",44.0,56.0,44.0
"Wererat, Hybrid Form","Wererat, Rat Form",56.0,44.0,44.0
"Werewolf, Hybrid Form",Will-o'-Wisp,44.0,56.0,44.0
"Werewolf, Wolf Form",Will-o'-Wisp,44.0,56.0,44.0
Wight,Worg,56.0,44.0,44.0
Aboleth,Earth Elemental,56.5,43.5,43.5
Animated Armor,Worg,56.5,43.5,43.5
Axe Beak,Gnoll,43.5,56.5,43.5
Azer,Will-o'-Wisp,56.5,43.5,43.5
Basilisk,Doppelganger,56.5,43.5,43.5
Basilisk,Saber-Toothed Tiger,43.5,56.5,43.5
Bearded Devil,Giant Boar,43.5,56.5,43.5
Berserker,Medusa,43.5,56.5,43.5
Blood Hawk,Quasit,43.5,56.5,43.5
Blue Dragon Wyrmling,Drider,56.5,43.5,43.5
Bone Devil,Young Brass Dragon,43.5,56.5,43.5
Brass Dragon Wyrmling,"Wererat, Human Form",43.5,56.5,43.5
Brown Bear,Tiger,43.5,56.5,43.5
Cat,Octopus,43.5,56.5,43.5
Centaur,Giant Octopus,56.5,43.5,43.5
Chain Devil,Minotaur,56.5,43.5,43.5
Clay Golem,Earth Elemental,43.5,56.5,43.5
Cockatrice,Riding Horse,43.5,56.5,43.5
Constrictor Snake,Giant Wasp,56.5,43.5,43.5
Constrictor Snake,Panther,56.5,43.5,43.5
Crocodile,Gnoll,56.5,43.5,43.5
Death Dog,Duergar,43.5,56.5,43.5
Deva,Elephant,56.5,43.5,43.5
Dire Wolf,Giant Hyena,56.5,43.5,43.5
Draft Horse,Swarm of Beetles,43.5,56.5,43.5
Draft Horse,Swarm of Centipedes,43.5,56.5,43.5
Draft Horse,Swarm of Insects,43.5,56.5,43.5
Draft Horse,Swarm of Spiders,43.5,56.5,43.5
Draft Horse,Swarm of Wasps,43.5,56.5,43.5
Draft Horse,Warhorse,43.5,56.5,43.5
Drow,Priest,56.5,43.5,43.5
Drow,Riding Horse,56.5,43.5,43.5
Dust Mephit,Giant Frog,56.5,43.5,43.5
Ettin,Oni,43.5,56.5,43.5
Fire Elemental,Flesh Golem,56.5,43.5,43.5
Flying Sword,Rust Monster,43.5,56.5,43.5
Gelatinous Cube,Saber-Toothed Tiger,56.5,43.5,43.5
Ghast,Polar Bear,43.5,56.5,43.5
Ghast,Swarm of Quippers,56.5,43.5,43.5
Ghoul,Rust Monster,56.5,43.5,43.5
Giant Bat,Gnoll,56.5,43.5,43.5
Giant Boar,Polar Bear,56.5,43.5,43.5
Giant Boar,Will-o'-Wisp,56.5,43.5,43.5
Giant Constrictor Snake,Pegasus,56.5,43.5,43.5
Giant Crab,Priest,43.5,56.5,43.5
Giant Crocodile,Mummy Lord,56.5,43.5,43.5
Giant Eagle,"Wererat, Human Form",56.5,43.5,43.5
Giant Octopus,Mummy,43.5,56.5,43.5
Giant Rat,Quasit,43.5,56.5,43.5
Giant Rat (Diseased),Quasit,43.5,56.5,43.5
Giant Sea Horse,Skeleton,43.5,56.5,43.5
Giant Wasp,Panther,56.5,43.5,43.5
Giant Weasel,Gray Ooze,43.5,56.5,43.5
Giant Weasel,Noble,56.5,43.5,43.5
Giant Weasel,Pony,56.5,43.5,43.5
Giant Weasel,Zombie,43.5,56.5,43.5
Gladiator,Rakshasa,56.5,43.5,43.5
Goblin,Imp,43.5,56.5,43.5
Gold Dragon Wyrmling,Knight,56.5,43.5,43.5
Gray Ooze,Wolf,43.5,56.5,43.5
Green Dragon Wyrmling,Mimic,43.5,56.5,43.5
Green Hag,Xorn,43.5,56.5,43.5
Half-Red Dragon Veteran,Ogre,43.5,56.5,43.5
Hill Giant,Mummy Lord,56.5,43.5,43.5
Hydra,Young Brass Dragon,56.5,43.5,43.5
Ice Mephit,Pony,56.5,43.5,43.5
Invisible Stalker,Lamia,43.5,56.5,43.5
Magma Mephit,Noble,56.5,43.5,43.5
Magmin,Riding Horse,43.5,56.5,43.5
Medusa,Silver Dragon Wyrmling,56.5,43.5,43.5
Minotaur Skeleton,Red Dragon Wyrmling,56.5,43.5,43.5
Mummy Lord,Shield Guardian,56.5,43.5,43.5
Phase Spider,Worg,43.5,56.5,43.5
Rat,Weasel,43.5,56.5,43.5
Rhinoceros,Silver Dragon Wyrmling,56.5,43.5,43.5
Rust Monster,Swarm of Ravens,56.5,43.5,43.5
Succubus/Incubus,Veteran,43.5,56.5,43.5
Triceratops,Young White Dragon,56.5,43.5,43.5
Water Elemental,Xorn,56.5,43.5,43.5
Aboleth,Gynosphinx,43.0,57.0,43.0
Aboleth,Lich,43.0,57.0,43.0
Adult White Dragon,Cloud Giant,43.0,57.0,43.0
Animated Armor,Ghast,43.0,57.0,43.0
Ape,Crocodile,57.0,43.0,43.0
Ape,Deep Gnome (Svirfneblin),57.0,43.0,43.0
Assassin,Blue Dragon Wyrmling,57.0,43.0,43.0
Assassin,Ogre,43.0,57.0,43.0
Awakened Tree,Nightmare,57.0,43.0,43.0
Awakened Tree,Plesiosaurus,43.0,57.0,43.0
Axe Beak,Reef Shark,43.0,57.0,43.0
Azer,Bearded Devil,57.0,43.0,43.0
Azer,Bronze Dragon Wyrmling,43.0,57.0,43.0
Azer,Gargoyle,57.0,43.0,43.0
Bandit Captain,Manticore,43.0,57.0,43.0
Bandit Captain,Veteran,43.0,57.0,43.0
Bearded Devil,Gargoyle,57.0,43.0,43.0
Black Dragon Wyrmling,Dire Wolf,43.0,57.0,43.0
Black Dragon Wyrmling,Giant Scorpion,43.0,57.0,43.0
Black Dragon Wyrmling,Will-o'-Wisp,43.0,57.0,43.0
Black Pudding,Polar Bear,57.0,43.0,43.0
Bone Devil,Shambling Mound,57.0,43.0,43.0
Bulette,Gorgon,57.0,43.0,43.0
Chimera,Otyugh,57.0,43.0,43.0
Clay Golem,Lich,43.0,57.0,43.0
Commoner,Deer,43.0,57.0,43.0
Commoner,Eagle,43.0,57.0,43.0
Copper Dragon Wyrmling,Worg,43.0,57.0,43.0
Cult Fanatic,Drow,57.0,43.0,43.0
Cultist,Mule,57.0,43.0,43.0
Deep Gnome (Svirfneblin),Giant Lizard,57.0,43.0,43.0
Deer,Vulture,57.0,43.0,43.0
Dire Wolf,Hell Hound,57.0,43.0,43.0
Doppelganger,Polar Bear,57.0,43.0,43.0
Eagle,Giant Centipede,57.0,43.0,43.0
Earth Elemental,Young Green Dragon,43.0,57.0,43.0
Elk,Wolf,57.0,43.0,43.0
Ettercap,Worg,57.0,43.0,43.0
Flesh Golem,Red Dragon Wyrmling,57.0,43.0,43.0
Flying Sword,Hippogriff,43.0,57.0,43.0
Gargoyle,Ghast,43.0,57.0,43.0
Ghast,Hell Hound,43.0,57.0,43.0
Ghost,"Wereboar, Boar Form",57.0,43.0,43.0
Ghost,"Wereboar, Hybrid Form",57.0,43.0,43.0
Giant Ape,Stone Giant,57.0,43.0,43.0
Giant Badger,Imp,43.0,57.0,43.0
Giant Bat,Giant Owl,57.0,43.0,43.0
Giant Bat,Hippogriff,43.0,57.0,43.0
Giant Boar,Giant Octopus,43.0,57.0,43.0
Giant Crab,Imp,57.0,43.0,43.0
Giant Owl,Rust Monster,43.0,57.0,43.0
Giant Toad,Phase Spider,57.0,43.0,43.0
Giant Vulture,Hippogriff,43.0,57.0,43.0
Glabrezu,Ice Devil,57.0,43.0,43.0
Glabrezu,Roper,57.0,43.0,43.0
Griffon,Sea Hag,43.0,57.0,43.0
Grimlock,Ice Mephit,57.0,43.0,43.0
Guardian Naga,"Vampire, Vampire Form",43.0,57.0,43.0
Hawk,Stirge,57.0,43.0,43.0
Hezrou,Young Black Dragon,43.0,57.0,43.0
Hippogriff,Swarm of Ravens,57.0,43.0,43.0
Ice Devil,Stone Giant,57.0,43.0,43.0
Lamia,Vrock,57.0,43.0,43.0
Lion,Warhorse,57.0,43.0,43.0
Ogre,Spirit Naga,43.0,57.0,43.0
Poisonous Snake,Stirge,57.0,43.0,43.0
Quipper,Stirge,57.0,43.0,43.0
Reef Shark,Shadow,57.0,43.0,43.0
Roper,Treant,57.0,43.0,43.0
Sahuagin,Wolf,43.0,57.0,43.0
Sahuagin,Zombie,57.0,43.0,43.0
Satyr,"Wererat, Human Form",57.0,43.0,43.0
Sea Hag,"Wereboar, Boar Form",43.0,57.0,43.0
Sea Hag,"Wereboar, Hybrid Form",43.0,57.0,43.0
Shadow,"Wererat, Hybrid Form",57.0,43.0,43.0
Shadow,"Wererat, Rat Form",57.0,43.0,43.0
Silver Dragon Wyrmling,"Wereboar, Human Form",57.0,43.0,43.0
Swarm of Rats,"Wererat, Hybrid Form",43.0,57.0,43.0
Swarm of Rats,"Wererat, Rat Form",43.0,57.0,43.0
Tiger,Will-o'-Wisp,43.0,57.0,43.0
Vampire Spawn,"Wereboar, Boar Form",57.0,43.0,43.0
Vampire Spawn,"Wereboar, Hybrid Form",57.0,43.0,43.0
Young Copper Dragon,Young White Dragon,43.0,57.0,43.0
Aboleth,Hezrou,57.5,42.5,42.5
Adult Black Dragon,Adult Green Dragon,42.5,57.5,42.5
Adult Silver Dragon,Iron Golem,57.5,42.5,42.5
Air Elemental,Xorn,57.5,42.5,42.5
Ankheg,Basilisk,42.5,57.5,42.5
Awakened Shrub,Goat,57.5,42.5,42.5
Axe Beak,Cult Fanatic,57.5,42.5,42.5
Azer,Black Pudding,42.5,57.5,42.5
Badger,Poisonous Snake,57.5,42.5,42.5
Badger,Stirge,42.5,57.5,42.5
Bandit,Giant Wolf Spider,42.5,57.5,42.5
Bearded Devil,Swarm of Quippers,42.5,57.5,42.5
Berserker,Vampire Spawn,42.5,57.5,42.5
Black Dragon Wyrmling,"Werewolf, Hybrid Form",57.5,42.5,42.5
Black Dragon Wyrmling,"Werewolf, Wolf Form",57.5,42.5,42.5
Black Pudding,Giant Hyena,42.5,57.5,42.5
Black Pudding,Will-o'-Wisp,57.5,42.5,42.5
Brass Dragon Wyrmling,Hippogriff,57.5,42.5,42.5
Bronze Dragon Wyrmling,Bugbear,57.5,42.5,42.5
Chain Devil,Otyugh,42.5,57.5,42.5
Commoner,Octopus,57.5,42.5,42.5
Commoner,Stirge,42.5,57.5,42.5
Cult Fanatic,Giant Vulture,42.5,57.5,42.5
Death Dog,Swarm of Beetles,57.5,42.5,42.5
Death Dog,Swarm of Centipedes,57.5,42.5,42.5
Death Dog,Swarm of Insects,57.5,42.5,42.5
Death Dog,Swarm of Spiders,57.5,42.5,42.5
Death Dog,Swarm of Wasps,57.5,42.5,42.5
Deep Gnome (Svirfneblin),Ghoul,42.5,57.5,42.5
Dire Wolf,Swarm of Quippers,57.5,42.5,42.5
Djinni,Gorgon,42.5,57.5,42.5
Doppelganger,Griffon,42.5,57.5,42.5
Dust Mephit,Giant Sea Horse,57.5,42.5,42.5
Elephant,Water Elemental,42.5,57.5,42.5
Elephant,Xorn,57.5,42.5,42.5
Elk,Scout,42.5,57.5,42.5
Fire Elemental,Plesiosaurus,57.5,42.5,42.5
Giant Constrictor Snake,Silver Dragon Wyrmling,57.5,42.5,42.5
Giant Crocodile,Shambling Mound,57.5,42.5,42.5
Giant Fire Beetle,Vulture,57.5,42.5,42.5
Giant Frog,Magma Mephit,57.5,42.5,42.5
Giant Goat,Orc,57.5,42.5,42.5
Glabrezu,Marilith,42.5,57.5,42.5
Gladiator,Green Hag,42.5,57.5,42.5
Gnoll,Swarm of Rats,57.5,42.5,42.5
Gold Dragon Wyrmling,Spirit Naga,57.5,42.5,42.5
Gorgon,Ice Devil,42.5,57.5,42.5
Gorgon,Treant,57.5,42.5,42.5
Green Dragon Wyrmling,Merrow,42.5,57.5,42.5
Grick,Warhorse Skeleton,57.5,42.5,42.5
Griffon,Mummy,57.5,42.5,42.5
Hobgoblin,Scout,57.5,42.5,42.5
Hydra,Mummy Lord,57.5,42.5,42.5
Iron Golem,Nalfeshnee,57.5,42.5,42.5
Lamia,Rakshasa,42.5,57.5,42.5
Lizard,Poisonous Snake,42.5,57.5,42.5
Mammoth,Young Blue Dragon,57.5,42.5,42.5
Manticore,Saber-Toothed Tiger,57.5,42.5,42.5
Manticore,Veteran,57.5,42.5,42.5
Mummy Lord,Shambling Mound,57.5,42.5,42.5
Ogre Zombie,Troll,57.5,42.5,42.5
Oni,Salamander,57.5,42.5,42.5
Orc,Warhorse,42.5,57.5,42.5
Priest,Riding Horse,57.5,42.5,42.5
Reef Shark,"Wererat, Hybrid Form",57.5,42.5,42.5
Reef Shark,"Wererat, Rat Form",57.5,42.5,42.5
Scorpion,Sprite,42.5,57.5,42.5
Shadow,Spy,57.5,42.5,42.5
Swarm of Quippers,Will-o'-Wisp,57.5,42.5,42.5
Warhorse,Worg,42.5,57.5,42.5
White Dragon Wyrmling,Wight,57.5,42.5,42.5
Aboleth,Clay Golem,58.0,42.0,42.0
Adult Brass Dragon,Behir,42.0,58.0,42.0
Adult Gold Dragon,Adult Red Dragon,58.0,42.0,42.0
Animated Armor,Black Dragon Wyrmling,42.0,58.0,42.0
Ape,Giant Owl,58.0,42.0,42.0
Ape,Rust Monster,42.0,58.0,42.0
Ape,Spy,42.0,58.0,42.0
Ape,"Wererat, Hybrid Form",42.0,58.0,42.0
Ape,"Wererat, Rat Form",42.0,58.0,42.0
Awakened Tree,Gold Dragon Wyrmling,58.0,42.0,42.0
Axe Beak,Giant Goat,42.0,58.0,42.0
Azer,Ghast,58.0,42.0,42.0
Bat,Jackal,42.0,58.0,42.0
Bearded Devil,Bronze Dragon Wyrmling,42.0,58.0,42.0
Bearded Devil,Dire Wolf,42.0,58.0,42.0
Bearded Devil,"Werewolf, Hybrid Form",58.0,42.0,42.0
Bearded Devil,"Werewolf, Wolf Form",58.0,42.0,42.0
Black Bear,Riding Horse,58.0,42.0,42.0
Blue Dragon Wyrmling,Hunter Shark,58.0,42.0,42.0
Boar,Quasit,58.0,42.0,42.0
Bone Devil,Mummy Lord,42.0,58.0,42.0
Brass Dragon Wyrmling,Spy,58.0,42.0,42.0
Bulette,Giant Ape,58.0,42.0,42.0
Camel,Pseudodragon,58.0,42.0,42.0
Chimera,Couatl,42.0,58.0,42.0
Chimera,Deva,42.0,58.0,42.0
Chimera,Wraith,58.0,42.0,42.0
Chuul,Gladiator,42.0,58.0,42.0
Cloaker,Plesiosaurus,42.0,58.0,42.0
Cockatrice,Dust Mephit,58.0,42.0,42.0
Cultist,Goblin,42.0,58.0,42.0
Draft Horse,Ghoul,58.0,42.0,42.0
Duergar,Warhorse,58.0,42.0,42.0
Dust Mephit,Giant Poisonous Snake,42.0,58.0,42.0
Elk,Priest,42.0,58.0,42.0
Ettin,Rakshasa,42.0,58.0,42.0
Flying Snake,Kobold,42.0,58.0,42.0
Flying Sword,"Wererat, Hybrid Form",42.0,58.0,42.0
Flying Sword,"Wererat, Rat Form",42.0,58.0,42.0
Ghost,"Weretiger, Human Form",42.0,58.0,42.0
Giant Centipede,Kobold,58.0,42.0,42.0
Giant Crab,Pony,58.0,42.0,42.0
Giant Hyena,Hell Hound,58.0,42.0,42.0
Giant Lizard,Hippogriff,42.0,58.0,42.0
Giant Octopus,Griffon,42.0,58.0,42.0
Gladiator,Otyugh,42.0,58.0,42.0
Goblin,Pony,42.0,58.0,42.0
Green Dragon Wyrmling,Hell Hound,42.0,58.0,42.0
Grick,Swarm of Poisonous Snakes,42.0,58.0,42.0
Grick,Worg,58.0,42.0,42.0
Griffon,Hunter Shark,42.0,58.0,42.0
Invisible Stalker,Vrock,42.0,58.0,42.0
Lamia,"Werebear, Human Form",58.0,42.0,42.0
Lion,Swarm of Beetles,58.0,42.0,42.0
Lion,Swarm of Centipedes,58.0,42.0,42.0
Lion,Swarm of Insects,58.0,42.0,42.0
Lion,Swarm of Spiders,58.0,42.0,42.0
Lion,Swarm of Wasps,58.0,42.0,42.0
Mage,Warhorse,42.0,58.0,42.0
Magma Mephit,Magmin,42.0,58.0,42.0
Magma Mephit,Pony,58.0,42.0,42.0
Medusa,Pegasus,58.0,42.0,42.0
Mimic,Swarm of Quippers,58.0,42.0,42.0
Minotaur,Wraith,58.0,42.0,42.0
Noble,Skeleton,42.0,58.0,42.0
Ogre,Owlbear,58.0,42.0,42.0
Pseudodragon,Violet Fungus,42.0,58.0,42.0
Reef Shark,Rust Monster,42.0,58.0,42.0
Rust Monster,Swarm of Beetles,42.0,58.0,42.0
Rust Monster,Swarm of Centipedes,42.0,58.0,42.0
Rust Monster,Swarm of Insects,42.0,58.0,42.0
Rust Monster,Swarm of Spiders,42.0,58.0,42.0
Rust Monster,Swarm of Wasps,42.0,58.0,42.0
Saber-Toothed Tiger,Silver Dragon Wyrmling,42.0,58.0,42.0
Stone Giant,Young Bronze Dragon,58.0,42.0,42.0
Tiger,"Werewolf, Hybrid Form",42.0,58.0,42.0
Tiger,"Werewolf, Wolf Form",42.0,58.0,42.0
Vrock,Wyvern,42.0,58.0,42.0
Adult Black Dragon,Adult White Dragon,58.5,41.5,41.5
Adult Brass Dragon,Adult Copper Dragon,41.5,58.5,41.5
Air Elemental,Deva,58.5,41.5,41.5
Animated Armor,Gargoyle,41.5,58.5,41.5
Ankheg,Griffon,41.5,58.5,41.5
Ankheg,Polar Bear,58.5,41.5,41.5
Ape,Giant Goat,58.5,41.5,41.5
Ape,Gnoll,58.5,41.5,41.5
Awakened Tree,Winter Wolf,58.5,41.5,41.5
Axe Beak,Swarm of Bats,58.5,41.5,41.5
Azer,Black Dragon Wyrmling,58.5,41.5,41.5
Azer,Dire Wolf,41.5,58.5,41.5
Azer,Giant Hyena,41.5,58.5,41.5
Azer,Mimic,41.5,58.5,41.5
Baboon,Sprite,41.5,58.5,41.5
Barbed Devil,Troll,58.5,41.5,41.5
Bat,Crab,58.5,41.5,41.5
Black Dragon Wyrmling,Green Dragon Wyrmling,41.5,58.5,41.5
Black Pudding,Centaur,41.5,58.5,41.5
Blood Hawk,Pseudodragon,58.5,41.5,41.5
Brass Dragon Wyrmling,Lion,41.5,58.5,41.5
Brass Dragon Wyrmling,Satyr,41.5,58.5,41.5
Chain Devil,Xorn,41.5,58.5,41.5
Cloaker,Ogre Zombie,58.5,41.5,41.5
Constrictor Snake,Magma Mephit,58.5,41.5,41.5
Crab,Sprite,41.5,58.5,41.5
Cultist,Giant Badger,41.5,58.5,41.5
Deep Gnome (Svirfneblin),Rust Monster,41.5,58.5,41.5
Deva,Water Elemental,41.5,58.5,41.5
Dire Wolf,Green Dragon Wyrmling,58.5,41.5,41.5
Eagle,Homunculus,58.5,41.5,41.5
Elk,Giant Crab,58.5,41.5,41.5
Elk,Giant Sea Horse,58.5,41.5,41.5
Ettercap,Swarm of Poisonous Snakes,41.5,58.5,41.5
Ettercap,Warhorse Skeleton,58.5,41.5,41.5
Flying Sword,Orc,41.5,58.5,41.5
Gargoyle,Will-o'-Wisp,41.5,58.5,41.5
Ghoul,Satyr,41.5,58.5,41.5
Ghoul,Thug,58.5,41.5,41.5
Giant Ape,Glabrezu,58.5,41.5,41.5
Giant Elk,"Wereboar, Human Form",41.5,58.5,41.5
Giant Frog,Wolf,41.5,58.5,41.5
Giant Goat,Spy,58.5,41.5,41.5
Giant Hyena,Polar Bear,58.5,41.5,41.5
Giant Lizard,Orc,41.5,58.5,41.5
Giant Owl,Shadow,58.5,41.5,41.5
Giant Rat,Pseudodragon,58.5,41.5,41.5
Giant Rat (Diseased),Pseudodragon,58.5,41.5,41.5
Giant Scorpion,Merrow,41.5,58.5,41.5
Giant Toad,White Dragon Wyrmling,41.5,58.5,41.5
Giant Toad,Wight,41.5,58.5,41.5
Giant Vulture,Gnoll,58.5,41.5,41.5
Giant Vulture,Swarm of Rats,58.5,41.5,41.5
Giant Wasp,Magma Mephit,58.5,41.5,41.5
Giant Weasel,Imp,58.5,41.5,41.5
Grimlock,Skeleton,41.5,58.5,41.5
Half-Red Dragon Veteran,"Weretiger, Human Form",41.5,58.5,41.5
Hawk,Jackal,58.5,41.5,41.5
Hunter Shark,Manticore,58.5,41.5,41.5
Jackal,Sprite,41.5,58.5,41.5
Magmin,Sahuagin,58.5,41.5,41.5
Mammoth,Marilith,58.5,41.5,41.5
Nightmare,Red Dragon Wyrmling,41.5,58.5,41.5
Ogre,Unicorn,41.5,58.5,41.5
Oni,Rakshasa,41.5,58.5,41.5
Oni,Vrock,58.5,41.5,41.5
Planetar,Purple Worm,58.5,41.5,41.5
Roper,Young Blue Dragon,41.5,58.5,41.5
Rust Monster,Spy,58.5,41.5,41.5
Stone Golem,Tyrannosaurus Rex,58.5,41.5,41.5
Swarm of Beetles,Swarm of Centipedes,58.5,41.5,41.5
Swarm of Beetles,Swarm of Insects,58.5,41.5,41.5
Swarm of Beetles,Swarm of Spiders,58.5,41.5,41.5
Swarm of Beetles,Swarm of Wasps,58.5,41.5,41.5
Swarm of Centipedes,Swarm of Insects,58.5,41.5,41.5
Swarm of Centipedes,Swarm of Spiders,58.5,41.5,41.5
Swarm of Centipedes,Swarm of Wasps,58.5,41.5,41.5
Swarm of Insects,Swarm of Spiders,58.5,41.5,41.5
Swarm of Insects,Swarm of Wasps,58.5,41.5,41.5
Swarm of Spiders,Swarm of Wasps,58.5,41.5,41.5
Treant,Young Bronze Dragon,58.5,41.5,41.5
"Wereboar, Boar Form","Wereboar, Hybrid Form",58.5,41.5,41.5
Adult Brass Dragon,Young Gold Dragon,59.0,41.0,41.0
Adult Brass Dragon,Young Red Dragon,59.0,41.0,41.0
Ankheg,Giant Hyena,59.0,41.0,41.0
Ankheg,Mummy,41.0,59.0,41.0
Archmage,Bandit Captain,41.0,59.0,41.0
Awakened Shrub,Hyena,41.0,59.0,41.0
Azer,Tiger,59.0,41.0,41.0
Bandit,Grimlock,41.0,59.0,41.0
Barbed Devil,Plesiosaurus,41.0,59.0,41.0
Barbed Devil,"Weretiger, Hybrid Form",41.0,59.0,41.0
Barbed Devil,"Weretiger, Tiger Form",41.0,59.0,41.0
Berserker,Drider,59.0,41.0,41.0
Boar,Noble,41.0,59.0,41.0
Centaur,Giant Hyena,59.0,41.0,41.0
Chuul,"Werebear, Human Form",59.0,41.0,41.0
Cloaker,Gold Dragon Wyrmling,59.0,41.0,41.0
Cloaker,Troll,59.0,41.0,41.0
Copper Dragon Wyrmling,Giant Eagle,59.0,41.0,41.0
Crocodile,Shadow,59.0,41.0,41.0
Deep Gnome (Svirfneblin),Hippogriff,41.0,59.0,41.0
Draft Horse,Swarm of Ravens,59.0,41.0,41.0
Dretch,Giant Weasel,41.0,59.0,41.0
Duergar,Phase Spider,41.0,59.0,41.0
Duergar,Specter,59.0,41.0,41.0
Erinyes,Guardian Naga,41.0,59.0,41.0
Erinyes,Killer Whale,59.0,41.0,41.0
Flying Sword,Swarm of Ravens,41.0,59.0,41.0
Gargoyle,Swarm of Poisonous Snakes,59.0,41.0,41.0
Gargoyle,White Dragon Wyrmling,59.0,41.0,41.0
Ghost,Silver Dragon Wyrmling,59.0,41.0,41.0
Ghoul,Orc,59.0,41.0,41.0
Giant Bat,Orc,41.0,59.0,41.0
Giant Boar,Green Dragon Wyrmling,59.0,41.0,41.0
Giant Eagle,Satyr,59.0,41.0,41.0
Giant Elk,Saber-Toothed Tiger,59.0,41.0,41.0
Giant Frog,Riding Horse,41.0,59.0,41.0
Giant Frog,Skeleton,41.0,59.0,41.0
Giant Goat,"Wererat, Human Form",41.0,59.0,41.0
Giant Hyena,Mimic,59.0,41.0,41.0
Giant Lizard,Spy,41.0,59.0,41.0
Giant Octopus,Succubus/Incubus,41.0,59.0,41.0
Giant Owl,Gnoll,59.0,41.0,41.0
Giant Wolf Spider,Imp,41.0,59.0,41.0
Gibbering Mouther,Will-o'-Wisp,59.0,41.0,41.0
Gnoll,Spy,41.0,59.0,41.0
Gray Ooze,Riding Horse,41.0,59.0,41.0
Green Hag,Water Elemental,41.0,59.0,41.0
Gynosphinx,Lich,59.0,41.0,41.0
Hippogriff,Swarm of Beetles,41.0,59.0,41.0
Hippogriff,Swarm of Centipedes,41.0,59.0,41.0
Hippogriff,Swarm of Insects,41.0,59.0,41.0
Hippogriff,Swarm of Spiders,41.0,59.0,41.0
Hippogriff,Swarm of Wasps,41.0,59.0,41.0
Hobgoblin,Riding Horse,59.0,41.0,41.0
Lizard,Sprite,41.0,59.0,41.0
Lizardfolk,Orc,41.0,59.0,41.0
Mage,Specter,41.0,59.0,41.0
Magma Mephit,Skeleton,41.0,59.0,41.0
Magmin,Skeleton,59.0,41.0,41.0
Orc,Rust Monster,59.0,41.0,41.0
Pegasus,"Weretiger, Human Form",41.0,59.0,41.0
Rat,Scorpion,59.0,41.0,41.0
Roper,Young Bronze Dragon,59.0,41.0,41.0
Skeleton,Wolf,59.0,41.0,41.0
Warhorse Skeleton,Wight,59.0,41.0,41.0
Young Gold Dragon,Young Silver Dragon,59.0,41.0,41.0
Young Red Dragon,Young Silver Dragon,59.0,41.0,41.0
Adult Blue Dragon,Adult Bronze Dragon,59.5,40.5,40.5
Adult Silver Dragon,Nalfeshnee,59.5,40.5,40.5
Ancient White Dragon,Pit Fiend,59.5,40.5,40.5
Awakened Tree,Minotaur Skeleton,40.5,59.5,40.5
Axe Beak,Shadow,40.5,59.5,40.5
Bandit,Boar,59.5,40.5,40.5
Berserker,Ghost,59.5,40.5,40.5
Black Bear,Blink Dog,40.5,59.5,40.5
Black Bear,Giant Crab,59.5,40.5,40.5
Blood Hawk,Steam Mephit,40.5,59.5,40.5
Boar,Dretch,40.5,59.5,40.5
Boar,Violet Fungus,59.5,40.5,40.5
Brass Dragon Wyrmling,Giant Eagle,40.5,59.5,40.5
Brass Dragon Wyrmling,Rust Monster,59.5,40.5,40.5
Bronze Dragon Wyrmling,Giant Octopus,40.5,59.5,40.5
Bronze Dragon Wyrmling,Will-o'-Wisp,59.5,40.5,40.5
Brown Bear,White Dragon Wyrmling,40.5,59.5,40.5
Centaur,Mummy,40.5,59.5,40.5
Chimera,Xorn,40.5,59.5,40.5
Clay Golem,Young Black Dragon,40.5,59.5,40.5
Cockatrice,Giant Sea Horse,59.5,40.5,40.5
Cockatrice,Priest,40.5,59.5,40.5
Copper Dragon Wyrmling,Phase Spider,40.5,59.5,40.5
Crab,Octopus,40.5,59.5,40.5
Crocodile,Giant Goat,59.5,40.5,40.5
Cult Fanatic,Giant Bat,40.5,59.5,40.5
Cult Fanatic,Lizardfolk,40.5,59.5,40.5
Darkmantle,Draft Horse,59.5,40.5,40.5
Darkmantle,Giant Goat,59.5,40.5,40.5
Darkmantle,Reef Shark,59.5,40.5,40.5
Dretch,Quasit,59.5,40.5,40.5
Drow,Giant Crab,59.5,40.5,40.5
Duergar,Worg,40.5,59.5,40.5
Dust Mephit,Priest,40.5,59.5,40.5
Efreeti,Horned Devil,40.5,59.5,40.5
Ettin,Wraith,40.5,59.5,40.5
Flesh Golem,Invisible Stalker,40.5,59.5,40.5
Giant Ape,Roper,59.5,40.5,40.5
Giant Crab,Skeleton,40.5,59.5,40.5
Giant Eagle,Giant Spider,40.5,59.5,40.5
Giant Hyena,Swarm of Quippers,59.5,40.5,40.5
Giant Rat,Steam Mephit,40.5,59.5,40.5
Giant Rat (Diseased),Steam Mephit,40.5,59.5,40.5
Giant Sea Horse,Riding Horse,40.5,59.5,40.5
Giant Weasel,Skeleton,40.5,59.5,40.5
Gladiator,Minotaur,59.5,40.5,40.5
Goblin,Magma Mephit,40.5,59.5,40.5
Gorgon,Mammoth,40.5,59.5,40.5
Half-Red Dragon Veteran,Rhinoceros,59.5,40.5,40.5
Harpy,Specter,40.5,59.5,40.5
Hawk,Poisonous Snake,59.5,40.5,40.5
Hawk,Sprite,59.5,40.5,40.5
Homunculus,Stirge,59.5,40.5,40.5
Knight,Nightmare,40.5,59.5,40.5
Lich,Young Black Dragon,59.5,40.5,40.5
Manticore,Succubus/Incubus,59.5,40.5,40.5
Nalfeshnee,Roc,40.5,59.5,40.5
Noble,Sahuagin,40.5,59.5,40.5
Orc,Swarm of Ravens,59.5,40.5,40.5
Pegasus,Rhinoceros,59.5,40.5,40.5
Priest,Wolf,59.5,40.5,40.5
Quipper,Sprite,59.5,40.5,40.5
Rakshasa,Xorn,40.5,59.5,40.5
Rust Monster,Shadow,59.5,40.5,40.5
Rust Monster,"Wererat, Human Form",40.5,59.5,40.5
Saber-Toothed Tiger,Succubus/Incubus,59.5,40.5,40.5
Sea Hag,Silver Dragon Wyrmling,40.5,59.5,40.5
Sea Hag,Veteran,59.5,40.5,40.5
Triceratops,Young Green Dragon,40.5,59.5,40.5
Wraith,Xorn,40.5,59.5,40.5
Air Elemental,"Vampire, Bat Form",60.0,40.0,40.0
Ancient Black Dragon,Dragon Turtle,60.0,40.0,40.0
Animated Armor,Bugbear,40.0,60.0,40.0
Ankheg,Bandit Captain,40.0,60.0,40.0
Assassin,Rhinoceros,60.0,40.0,40.0
Baboon,Cat,60.0,40.0,40.0
Badger,Giant Fire Beetle,40.0,60.0,40.0
Basilisk,Manticore,40.0,60.0,40.0
Bearded Devil,Mimic,40.0,60.0,40.0
Berserker,Rhinoceros,60.0,40.0,40.0
Berserker,"Wereboar, Human Form",60.0,40.0,40.0
Black Bear,Swarm of Bats,40.0,60.0,40.0
Boar,Steam Mephit,60.0,40.0,40.0
Bronze Dragon Wyrmling,Swarm of Quippers,60.0,40.0,40.0
Bugbear,Giant Octopus,40.0,60.0,40.0
Bugbear,Polar Bear,40.0,60.0,40.0
Bulette,Frost Giant,40.0,60.0,40.0
Bulette,Young Bronze Dragon,60.0,40.0,40.0
Chain Devil,Rakshasa,60.0,40.0,40.0
Chain Devil,"Werebear, Human Form",60.0,40.0,40.0
Chain Devil,Wyvern,60.0,40.0,40.0
Cockatrice,Elk,60.0,40.0,40.0
Copper Dragon Wyrmling,Giant Toad,40.0,60.0,40.0
Cult Fanatic,Swarm of Bats,60.0,40.0,40.0
Dire Wolf,Doppelganger,40.0,60.0,40.0
Djinni,Giant Shark,40.0,60.0,40.0
Drider,Half-Red Dragon Veteran,40.0,60.0,40.0
Dust Mephit,Scout,40.0,60.0,40.0
Efreeti,Frost Giant,40.0,60.0,40.0
Elephant,Killer Whale,40.0,60.0,40.0
Ettercap,Grick,60.0,40.0,40.0
Ettin,Minotaur,40.0,60.0,40.0
Fire Elemental,Red Dragon Wyrmling,60.0,40.0,40.0
Flying Sword,Giant Owl,60.0,40.0,40.0
Flying Sword,Giant Vulture,60.0,40.0,40.0
Gelatinous Cube,Manticore,40.0,60.0,40.0
Giant Bat,Rust Monster,40.0,60.0,40.0
Giant Crab,Riding Horse,40.0,60.0,40.0
Giant Crocodile,Night Hag,60.0,40.0,40.0
Giant Elk,Pegasus,40.0,60.0,40.0
Giant Elk,Rhinoceros,40.0,60.0,40.0
Giant Fire Beetle,Sprite,60.0,40.0,40.0
Giant Frog,Imp,60.0,40.0,40.0
Giant Hyena,Griffon,40.0,60.0,40.0
Giant Hyena,Merrow,60.0,40.0,40.0
Giant Poisonous Snake,Giant Vulture,40.0,60.0,40.0
Giant Poisonous Snake,Swarm of Rats,40.0,60.0,40.0
Giant Sea Horse,Imp,60.0,40.0,40.0
Gray Ooze,Ice Mephit,60.0,40.0,40.0
Green Hag,Wraith,60.0,40.0,40.0
Guardian Naga,Killer Whale,60.0,40.0,40.0
Hezrou,Young Copper Dragon,60.0,40.0,40.0
Hippogriff,Lion,40.0,60.0,40.0
Hippogriff,Satyr,40.0,60.0,40.0
Hydra,Shield Guardian,60.0,40.0,40.0
Lich,Young White Dragon,60.0,40.0,40.0
Lizardfolk,Rust Monster,40.0,60.0,40.0
Noble,Wolf,40.0,60.0,40.0
Ochre Jelly,White Dragon Wyrmling,40.0,60.0,40.0
Orc,Spy,60.0,40.0,40.0
Riding Horse,Shadow,40.0,60.0,40.0
Rust Monster,"Wererat, Hybrid Form",60.0,40.0,40.0
Rust Monster,"Wererat, Rat Form",60.0,40.0,40.0
Salamander,Vrock,60.0,40.0,40.0
Scout,Swarm of Rats,40.0,60.0,40.0
"Werebear, Bear Form","Werebear, Hybrid Form",60.0,40.0,40.0
Acolyte,Lemure,39.5,60.5,39.5
Adult Copper Dragon,Adult White Dragon,39.5,60.5,39.5
Air Elemental,Guardian Naga,39.5,60.5,39.5
Ancient Brass Dragon,Solar,39.5,60.5,39.5
Ankheg,Mimic,60.5,39.5,39.5
Ape,Swarm of Ravens,39.5,60.5,39.5
Archmage,Succubus/Incubus,39.5,60.5,39.5
Bandit,Dryad,60.5,39.5,39.5
Bandit,Giant Weasel,39.5,60.5,39.5
Bandit,Quasit,60.5,39.5,39.5
Bandit Captain,Sea Hag,39.5,60.5,39.5
Barbed Devil,Gold Dragon Wyrmling,60.5,39.5,39.5
Bat,Poisonous Snake,39.5,60.5,39.5
Black Dragon Wyrmling,Swarm of Poisonous Snakes,60.5,39.5,39.5
Blink Dog,Swarm of Rats,39.5,60.5,39.5
Blue Dragon Wyrmling,Half-Red Dragon Veteran,39.5,60.5,39.5
Brass Dragon Wyrmling,Mage,39.5,60.5,39.5
Chuul,Oni,60.5,39.5,39.5
Chuul,Salamander,60.5,39.5,39.5
Cockatrice,Scout,39.5,60.5,39.5
Constrictor Snake,Hobgoblin,39.5,60.5,39.5
Constrictor Snake,Scout,39.5,60.5,39.5
Copper Dragon Wyrmling,Warhorse Skeleton,39.5,60.5,39.5
Cult Fanatic,Shadow,39.5,60.5,39.5
Cultist,Pseudodragon,60.5,39.5,39.5
Darkmantle,Flying Sword,60.5,39.5,39.5
Darkmantle,Giant Bat,60.5,39.5,39.5
Darkmantle,Lizardfolk,60.5,39.5,39.5
Darkmantle,Shadow,60.5,39.5,39.5
Deep Gnome (Svirfneblin),Giant Vulture,60.5,39.5,39.5
Dire Wolf,Giant Scorpion,60.5,39.5,39.5
Djinni,Young Green Dragon,60.5,39.5,39.5
Doppelganger,Succubus/Incubus,39.5,60.5,39.5
Draft Horse,Harpy,39.5,60.5,39.5
Dretch,Dryad,60.5,39.5,39.5
Drider,Giant Elk,60.5,39.5,39.5
Duergar,Warhorse Skeleton,39.5,60.5,39.5
Dust Mephit,Elk,60.5,39.5,39.5
Earth Elemental,Lich,39.5,60.5,39.5
Elephant,Guardian Naga,39.5,60.5,39.5
Erinyes,"Vampire, Vampire Form",39.5,60.5,39.5
Flying Sword,Giant Lizard,60.5,39.5,39.5
Ghoul,Swarm of Ravens,60.5,39.5,39.5
Giant Centipede,Mastiff,60.5,39.5,39.5
Giant Constrictor Snake,Knight,39.5,60.5,39.5
Giant Crocodile,Young Copper Dragon,39.5,60.5,39.5
Giant Elk,Gibbering Mouther,39.5,60.5,39.5
Giant Elk,Silver Dragon Wyrmling,39.5,60.5,39.5
Giant Owl,Thug,39.5,60.5,39.5
Giant Vulture,Swarm of Ravens,39.5,60.5,39.5
Giant Wasp,Hobgoblin,39.5,60.5,39.5
Giant Wasp,Scout,39.5,60.5,39.5
Giant Weasel,Sahuagin,39.5,60.5,39.5
Giant Wolf Spider,Ice Mephit,39.5,60.5,39.5
Hippogriff,Orc,60.5,39.5,39.5
Hippogriff,Warhorse,39.5,60.5,39.5
Ice Mephit,Magmin,39.5,60.5,39.5
Invisible Stalker,Oni,39.5,60.5,39.5
Invisible Stalker,"Werebear, Human Form",39.5,60.5,39.5
Lemure,Mastiff,60.5,39.5,39.5
Manticore,Pegasus,39.5,60.5,39.5
Mummy,Sea Hag,39.5,60.5,39.5
Panther,Scout,39.5,60.5,39.5
Specter,Wight,39.5,60.5,39.5
Adult Black Dragon,Androsphinx,61.0,39.0,39.0
Ankheg,Swarm of Quippers,61.0,39.0,39.0
Archmage,Basilisk,39.0,61.0,39.0
Awakened Shrub,Homunculus,39.0,61.0,39.0
Awakened Tree,Red Dragon Wyrmling,39.0,61.0,39.0
Bandit,Pony,39.0,61.0,39.0
Basilisk,Hunter Shark,39.0,61.0,39.0
Bat,Owl,61.0,39.0,39.0
Bearded Devil,Black Dragon Wyrmling,61.0,39.0,39.0
Berserker,Owlbear,39.0,61.0,39.0
Black Bear,Cockatrice,61.0,39.0,39.0
Black Bear,Magmin,61.0,39.0,39.0
Black Dragon Wyrmling,Black Pudding,39.0,61.0,39.0
Black Dragon Wyrmling,Giant Boar,39.0,61.0,39.0
Black Dragon Wyrmling,White Dragon Wyrmling,61.0,39.0,39.0
Blue Dragon Wyrmling,Manticore,61.0,39.0,39.0
Blue Dragon Wyrmling,Saber-Toothed Tiger,61.0,39.0,39.0
Boar,Giant Wolf Spider,39.0,61.0,39.0
Brass Dragon Wyrmling,Orc,61.0,39.0,39.0
Brown Bear,Wight,61.0,39.0,39.0
Bugbear,Merrow,39.0,61.0,39.0
Bulette,Treant,61.0,39.0,39.0
Chimera,Minotaur,61.0,39.0,39.0
Clay Golem,Young White Dragon,39.0,61.0,39.0
Cockatrice,Giant Crab,61.0,39.0,39.0
Commoner,Goat,39.0,61.0,39.0
Copper Dragon Wyrmling,Satyr,61.0,39.0,39.0
Deep Gnome (Svirfneblin),Swarm of Beetles,39.0,61.0,39.0
Deep Gnome (Svirfneblin),Swarm of Centipedes,39.0,61.0,39.0
Deep Gnome (Svirfneblin),Swarm of Insects,39.0,61.0,39.0
Deep Gnome (Svirfneblin),Swarm of Spiders,39.0,61.0,39.0
Deep Gnome (Svirfneblin),Swarm of Wasps,39.0,61.0,39.0
Deep Gnome (Svirfneblin),Thug,39.0,61.0,39.0
Deer,Hyena,39.0,61.0,39.0
Doppelganger,Giant Elk,39.0,61.0,39.0
Dretch,Pony,39.0,61.0,39.0
Drow,Skeleton,61.0,39.0,39.0
Duergar,Lion,61.0,39.0,39.0
Earth Elemental,Gynosphinx,39.0,61.0,39.0
Earth Elemental,Hezrou,61.0,39.0,39.0
Ettercap,Ochre Jelly,61.0,39.0,39.0
Frost Giant,Tyrannosaurus Rex,39.0,61.0,39.0
Ghost,Unicorn,39.0,61.0,39.0
Giant Bat,Swarm of Ravens,39.0,61.0,39.0
Giant Eagle,Harpy,61.0,39.0,39.0
Giant Eagle,Swarm of Beetles,61.0,39.0,39.0
Giant Eagle,Swarm of Centipedes,61.0,39.0,39.0
Giant Eagle,Swarm of Insects,61.0,39.0,39.0
Giant Eagle,Swarm of Spiders,61.0,39.0,39.0
Giant Eagle,Swarm of Wasps,61.0,39.0,39.0
Giant Hyena,Will-o'-Wisp,61.0,39.0,39.0
Giant Octopus,Saber-Toothed Tiger,39.0,61.0,39.0
Giant Poisonous Snake,Priest,61.0,39.0,39.0
Gibbering Mouther,Ogre,61.0,39.0,39.0
Gibbering Mouther,Spirit Naga,39.0,61.0,39.0
Grimlock,Pony,61.0,39.0,39.0
Gynosphinx,Triceratops,61.0,39.0,39.0
Half-Red Dragon Veteran,"Wereboar, Human Form",61.0,39.0,39.0
Harpy,"Wererat, Human Form",61.0,39.0,39.0
Hell Hound,Swarm of Quippers,61.0,39.0,39.0
Hezrou,Lich,39.0,61.0,39.0
Hippogriff,Rust Monster,61.0,39.0,39.0
Hobgoblin,Reef Shark,39.0,61.0,39.0
Horned Devil,Young Gold Dragon,39.0,61.0,39.0
Horned Devil,Young Red Dragon,39.0,61.0,39.0
Hunter Shark,Owlbear,39.0,61.0,39.0
Killer Whale,"Vampire, Bat Form",61.0,39.0,39.0
Lion,Satyr,61.0,39.0,39.0
Lizardfolk,Swarm of Ravens,39.0,61.0,39.0
Magmin,Zombie,61.0,39.0,39.0
Medusa,Ogre,39.0,61.0,39.0
Minotaur,Xorn,39.0,61.0,39.0
Owl,Quipper,61.0,39.0,39.0
Owl,Weasel,61.0,39.0,39.0
Poisonous Snake,Vulture,39.0,61.0,39.0
Polar Bear,Succubus/Incubus,39.0,61.0,39.0
Priest,Scout,39.0,61.0,39.0
Quasit,Steam Mephit,61.0,39.0,39.0
Salamander,Wraith,39.0,61.0,39.0
Thug,"Wererat, Human Form",39.0,61.0,39.0
Adult Brass Dragon,Tyrannosaurus Rex,61.5,38.5,38.5
Ancient Brass Dragon,Storm Giant,61.5,38.5,38.5
Ankheg,Merrow,61.5,38.5,38.5
Assassin,"Wereboar, Human Form",61.5,38.5,38.5
Bandit Captain,Basilisk,61.5,38.5,38.5
Bat,Lizard,61.5,38.5,38.5
Bat,Scorpion,61.5,38.5,38.5
Bat,Sprite,38.5,61.5,38.5
Bearded Devil,Black Pudding,38.5,61.5,38.5
Bearded Devil,Hell Hound,38.5,61.5,38.5
Blue Dragon Wyrmling,Gibbering Mouther,61.5,38.5,38.5
Blue Dragon Wyrmling,Medusa,38.5,61.5,38.5
Blue Dragon Wyrmling,Veteran,61.5,38.5,38.5
Boar,Cultist,61.5,38.5,38.5
Brass Dragon Wyrmling,Crocodile,61.5,38.5,38.5
Brass Dragon Wyrmling,Darkmantle,61.5,38.5,38.5
Brass Dragon Wyrmling,Ghoul,61.5,38.5,38.5
Brass Dragon Wyrmling,Specter,38.5,61.5,38.5
Bronze Dragon Wyrmling,Ghast,61.5,38.5,38.5
Clay Golem,Young Brass Dragon,61.5,38.5,38.5
Constrictor Snake,Giant Poisonous Snake,38.5,61.5,38.5
Copper Dragon Wyrmling,Warhorse,61.5,38.5,38.5
Cult Fanatic,Giant Owl,38.5,61.5,38.5
Darkmantle,Giant Owl,61.5,38.5,38.5
Draft Horse,Satyr,38.5,61.5,38.5
Elephant,Erinyes,38.5,61.5,38.5
Flying Sword,Thug,38.5,61.5,38.5
Frost Giant,Young Gold Dragon,38.5,61.5,38.5
Frost Giant,Young Red Dragon,38.5,61.5,38.5
Giant Badger,Pony,38.5,61.5,38.5
Giant Bat,Giant Vulture,61.5,38.5,38.5
Giant Boar,Giant Scorpion,61.5,38.5,38.5
Giant Constrictor Snake,Rhinoceros,61.5,38.5,38.5
Giant Elk,"Wereboar, Boar Form",38.5,61.5,38.5
Giant Elk,"Wereboar, Hybrid Form",38.5,61.5,38.5
Giant Vulture,Rust Monster,38.5,61.5,38.5
Giant Vulture,Thug,38.5,61.5,38.5
Gladiator,Wyvern,61.5,38.5,38.5
Goblin,Sahuagin,38.5,61.5,38.5
Gray Ooze,Pony,61.5,38.5,38.5
Half-Red Dragon Veteran,Owlbear,38.5,61.5,38.5
Hill Giant,Shambling Mound,61.5,38.5,38.5
Hobgoblin,Lizardfolk,38.5,61.5,38.5
Ice Mephit,Skeleton,38.5,61.5,38.5
Invisible Stalker,Minotaur Skeleton,61.5,38.5,38.5
Kobold,Lemure,61.5,38.5,38.5
Kraken,Remorhaz,61.5,38.5,38.5
Lion,Phase Spider,38.5,61.5,38.5
Lizard,Octopus,38.5,61.5,38.5
Lizard,Raven,61.5,38.5,38.5
Lizard,Spider,61.5,38.5,38.5
Medusa,"Wereboar, Human Form",61.5,38.5,38.5
Merrow,Mimic,61.5,38.5,38.5
Merrow,Mummy,38.5,61.5,38.5
Ogre,Vampire Spawn,61.5,38.5,38.5
Pit Fiend,Solar,61.5,38.5,38.5
Rakshasa,Wyvern,61.5,38.5,38.5
Spirit Naga,Winter Wolf,38.5,61.5,38.5
Sprite,Vulture,38.5,61.5,38.5
Spy,Thug,38.5,61.5,38.5
Stone Golem,Young Gold Dragon,61.5,38.5,38.5
Stone Golem,Young Red Dragon,61.5,38.5,38.5
"Werewolf, Hybrid Form",White Dragon Wyrmling,61.5,38.5,38.5
"Werewolf, Wolf Form",White Dragon Wyrmling,61.5,38.5,38.5
Adult Bronze Dragon,Purple Worm,38.0,62.0,38.0
Adult White Dragon,Behir,62.0,38.0,38.0
Air Elemental,Erinyes,38.0,62.0,38.0
Animated Armor,Ettercap,62.0,38.0,38.0
Ankheg,Hell Hound,62.0,38.0,38.0
Awakened Shrub,Deer,62.0,38.0,38.0
Awakened Tree,Troll,62.0,38.0,38.0
Axe Beak,Blink Dog,62.0,38.0,38.0
Azer,Centaur,38.0,62.0,38.0
Baboon,Crab,62.0,38.0,38.0
Bat,Stirge,38.0,62.0,38.0
Berserker,Half-Red Dragon Veteran,38.0,62.0,38.0
Blink Dog,Giant Lizard,38.0,62.0,38.0
Blue Dragon Wyrmling,Sea Hag,62.0,38.0,38.0
Boar,Giant Weasel,38.0,62.0,38.0
Cat,Stirge,38.0,62.0,38.0
Centaur,Green Dragon Wyrmling,62.0,38.0,38.0
Centaur,Merrow,62.0,38.0,38.0
Chain Devil,Couatl,38.0,62.0,38.0
Clay Golem,Hydra,62.0,38.0,38.0
Cockatrice,Giant Poisonous Snake,38.0,62.0,38.0
Cockatrice,Magmin,62.0,38.0,38.0
Constrictor Snake,Ice Mephit,62.0,38.0,38.0
Constrictor Snake,Riding Horse,38.0,62.0,38.0
Cult Fanatic,Scout,62.0,38.0,38.0
Doppelganger,Giant Octopus,62.0,38.0,38.0
Doppelganger,Hunter Shark,38.0,62.0,38.0
Draft Horse,Mage,38.0,62.0,38.0
Dretch,Noble,38.0,62.0,38.0
Dust Mephit,Giant Wasp,62.0,38.0,38.0
Dust Mephit,Panther,62.0,38.0,38.0
Dust Mephit,Sahuagin,62.0,38.0,38.0
Elk,Magmin,62.0,38.0,38.0
Elk,Skeleton,62.0,38.0,38.0
Erinyes,Water Elemental,62.0,38.0,38.0
Fire Elemental,Invisible Stalker,38.0,62.0,38.0
Gelatinous Cube,Pegasus,38.0,62.0,38.0
Ghast,Giant Octopus,38.0,62.0,38.0
Giant Bat,Spy,38.0,62.0,38.0
Giant Bat,"Wererat, Hybrid Form",38.0,62.0,38.0
Giant Bat,"Wererat, Rat Form",38.0,62.0,38.0
Giant Crab,Giant Weasel,62.0,38.0,38.0
Giant Goat,Reef Shark,62.0,38.0,38.0
Giant Goat,Swarm of Beetles,38.0,62.0,38.0
Giant Goat,Swarm of Centipedes,38.0,62.0,38.0
Giant Goat,Swarm of Insects,38.0,62.0,38.0
Giant Goat,Swarm of Spiders,38.0,62.0,38.0
Giant Goat,Swarm of Wasps,38.0,62.0,38.0
Giant Owl,Lizardfolk,62.0,38.0,38.0
Giant Sea Horse,Noble,62.0,38.0,38.0
Giant Shark,Stone Giant,38.0,62.0,38.0
Giant Wasp,Ice Mephit,62.0,38.0,38.0
Giant Wasp,Riding Horse,38.0,62.0,38.0
Glabrezu,Stone Giant,62.0,38.0,38.0
Gladiator,"Werebear, Human Form",62.0,38.0,38.0
Gladiator,Xorn,38.0,62.0,38.0
Green Hag,Killer Whale,38.0,62.0,38.0
Grick,Tiger,38.0,62.0,38.0
Guardian Naga,Night Hag,38.0,62.0,38.0
Gynosphinx,Young Black Dragon,62.0,38.0,38.0
Hobgoblin,Shadow,38.0,62.0,38.0
Hyena,Mastiff,38.0,62.0,38.0
Knight,Owlbear,62.0,38.0,38.0
Lizardfolk,Spy,38.0,62.0,38.0
Lizardfolk,"Wererat, Hybrid Form",38.0,62.0,38.0
Lizardfolk,"Wererat, Rat Form",38.0,62.0,38.0
Magma Mephit,Wolf,38.0,62.0,38.0
Manticore,Silver Dragon Wyrmling,38.0,62.0,38.0
Merrow,Swarm of Quippers,62.0,38.0,38.0
Mule,Pseudodragon,62.0,38.0,38.0
Owlbear,Vampire Spawn,62.0,38.0,38.0
Panther,Riding Horse,38.0,62.0,38.0
Riding Horse,Scout,62.0,38.0,38.0
Silver Dragon Wyrmling,Vampire Spawn,38.0,62.0,38.0
Specter,Swarm of Beetles,62.0,38.0,38.0
Specter,Swarm of Centipedes,62.0,38.0,38.0
Specter,Swarm of Insects,62.0,38.0,38.0
Specter,Swarm of Spiders,62.0,38.0,38.0
Specter,Swarm of Wasps,62.0,38.0,38.0
Thug,"Wererat, Hybrid Form",62.0,38.0,38.0
Thug,"Wererat, Rat Form",62.0,38.0,38.0
Vrock,Wraith,38.0,62.0,38.0
Adult Blue Dragon,Fire Giant,62.5,37.5,37.5
Ankheg,Dire Wolf,62.5,37.5,37.5
Ankheg,Gelatinous Cube,37.5,62.5,37.5
Ankheg,Green Dragon Wyrmling,62.5,37.5,37.5
Awakened Tree,Knight,62.5,37.5,37.5
Basilisk,Sea Hag,37.5,62.5,37.5
Bearded Devil,Giant Hyena,37.5,62.5,37.5
Bearded Devil,Merrow,37.5,62.5,37.5
Berserker,Sea Hag,62.5,37.5,37.5
Blink Dog,Priest,62.5,37.5,37.5
Blink Dog,Riding Horse,62.5,37.5,37.5
Blood Hawk,Violet Fungus,37.5,62.5,37.5
Bone Devil,Night Hag,62.5,37.5,37.5
Chimera,Gladiator,62.5,37.5,37.5
Cult Fanatic,Giant Poisonous Snake,62.5,37.5,37.5
Death Dog,Giant Eagle,62.5,37.5,37.5
Deep Gnome (Svirfneblin),Draft Horse,37.5,62.5,37.5
Deer,Octopus,62.5,37.5,37.5
Doppelganger,Merrow,62.5,37.5,37.5
Drow,Giant Owl,37.5,62.5,37.5
Drow,Swarm of Rats,37.5,62.5,37.5
Gargoyle,Swarm of Quippers,37.5,62.5,37.5
Ghost,"Wereboar, Human Form",62.5,37.5,37.5
Giant Bat,Giant Lizard,62.5,37.5,37.5
Giant Elk,Half-Red Dragon Veteran,37.5,62.5,37.5
Giant Elk,Mummy,62.5,37.5,37.5
Giant Frog,Ice Mephit,62.5,37.5,37.5
Giant Poisonous Snake,Shadow,37.5,62.5,37.5
Giant Rat,Violet Fungus,37.5,62.5,37.5
Giant Rat (Diseased),Violet Fungus,37.5,62.5,37.5
Gnoll,Hippogriff,37.5,62.5,37.5
Goblin,Panther,37.5,62.5,37.5
Gorgon,Young Blue Dragon,37.5,62.5,37.5
Gynosphinx,Young White Dragon,62.5,37.5,37.5
Hippogriff,Spy,62.5,37.5,37.5
Killer Whale,Shambling Mound,37.5,62.5,37.5
Medusa,Rhinoceros,62.5,37.5,37.5
Medusa,"Weretiger, Human Form",37.5,62.5,37.5
Ogre,Silver Dragon Wyrmling,62.5,37.5,37.5
Pegasus,"Wereboar, Human Form",62.5,37.5,37.5
Phase Spider,Wight,37.5,62.5,37.5
Rakshasa,"Werebear, Human Form",62.5,37.5,37.5
Reef Shark,"Wererat, Human Form",37.5,62.5,37.5
Saber-Toothed Tiger,"Wereboar, Human Form",37.5,62.5,37.5
Spirit Naga,Troll,37.5,62.5,37.5
Warhorse Skeleton,Worg,62.5,37.5,37.5
"Werebear, Human Form",Wraith,37.5,62.5,37.5
"Weretiger, Hybrid Form",Winter Wolf,62.5,37.5,37.5
"Weretiger, Tiger Form",Winter Wolf,62.5,37.5,37.5
Young Black Dragon,Young White Dragon,62.5,37.5,37.5
Aboleth,Young Copper Dragon,63.0,37.0,37.0
Adult Copper Dragon,Androsphinx,37.0,63.0,37.0
Air Elemental,"Werebear, Bear Form",37.0,63.0,37.0
Air Elemental,"Werebear, Hybrid Form",37.0,63.0,37.0
Ancient Brass Dragon,Kraken,63.0,37.0,37.0
Ancient White Dragon,Solar,63.0,37.0,37.0
Androsphinx,Behir,63.0,37.0,37.0
Archmage,Centaur,63.0,37.0,37.0
Awakened Tree,Fire Elemental,37.0,63.0,37.0
Awakened Tree,Flesh Golem,37.0,63.0,37.0
Axe Beak,Flying Sword,37.0,63.0,37.0
Axe Beak,Orc,37.0,63.0,37.0
Azer,Hell Hound,37.0,63.0,37.0
Bandit Captain,Doppelganger,63.0,37.0,37.0
Black Bear,Giant Sea Horse,63.0,37.0,37.0
Bronze Dragon Wyrmling,Giant Scorpion,63.0,37.0,37.0
Bugbear,White Dragon Wyrmling,63.0,37.0,37.0
Bulette,Marilith,37.0,63.0,37.0
Chuul,Green Hag,37.0,63.0,37.0
Chuul,Lamia,63.0,37.0,37.0
Crocodile,Reef Shark,63.0,37.0,37.0
Cult Fanatic,Gnoll,37.0,63.0,37.0
Death Dog,Phase Spider,37.0,63.0,37.0
Dire Wolf,Ghast,63.0,37.0,37.0
Dire Wolf,Griffon,37.0,63.0,37.0
Draft Horse,Duergar,37.0,63.0,37.0
Drow,Elk,63.0,37.0,37.0
Drow,Shadow,37.0,63.0,37.0
Drow,Wolf,63.0,37.0,37.0
Dryad,Goblin,37.0,63.0,37.0
Eagle,Hyena,63.0,37.0,37.0
Eagle,Stirge,63.0,37.0,37.0
Elephant,Green Hag,63.0,37.0,37.0
Ettercap,Giant Toad,63.0,37.0,37.0
Flesh Golem,Plesiosaurus,63.0,37.0,37.0
Gargoyle,Tiger,63.0,37.0,37.0
Giant Bat,Swarm of Beetles,37.0,63.0,37.0
Giant Bat,Swarm of Centipedes,37.0,63.0,37.0
Giant Bat,Swarm of Insects,37.0,63.0,37.0
Giant Bat,Swarm of Rats,63.0,37.0,37.0
Giant Bat,Swarm of Spiders,37.0,63.0,37.0
Giant Bat,Swarm of Wasps,37.0,63.0,37.0
Giant Crab,Hobgoblin,37.0,63.0,37.0
Giant Crocodile,Hill Giant,63.0,37.0,37.0
Giant Elk,Succubus/Incubus,63.0,37.0,37.0
Giant Fire Beetle,Hyena,37.0,63.0,37.0
Giant Hyena,Mummy,37.0,63.0,37.0
Giant Lizard,Swarm of Bats,63.0,37.0,37.0
Giant Octopus,Veteran,37.0,63.0,37.0
Giant Poisonous Snake,Hobgoblin,63.0,37.0,37.0
Giant Sea Horse,Magma Mephit,63.0,37.0,37.0
Giant Spider,Specter,63.0,37.0,37.0
Giant Spider,Wight,37.0,63.0,37.0
Gnoll,Hobgoblin,63.0,37.0,37.0
Gray Ooze,Noble,63.0,37.0,37.0
Green Dragon Wyrmling,Polar Bear,37.0,63.0,37.0
Grimlock,Imp,63.0,37.0,37.0
Grimlock,Noble,63.0,37.0,37.0
Hippogriff,Shadow,63.0,37.0,37.0
Hyena,Kobold,37.0,63.0,37.0
Ice Mephit,Wolf,37.0,63.0,37.0
Lizardfolk,Swarm of Beetles,37.0,63.0,37.0
Lizardfolk,Swarm of Centipedes,37.0,63.0,37.0
Lizardfolk,Swarm of Insects,37.0,63.0,37.0
Lizardfolk,Swarm of Rats,63.0,37.0,37.0
Lizardfolk,Swarm of Spiders,37.0,63.0,37.0
Lizardfolk,Swarm of Wasps,37.0,63.0,37.0
Minotaur,Wyvern,63.0,37.0,37.0
Minotaur Skeleton,"Werebear, Human Form",37.0,63.0,37.0
Orc,"Wererat, Hybrid Form",63.0,37.0,37.0
Orc,"Wererat, Rat Form",63.0,37.0,37.0
Rhinoceros,"Wereboar, Human Form",63.0,37.0,37.0
Scorpion,Spider,63.0,37.0,37.0
Silver Dragon Wyrmling,Unicorn,37.0,63.0,37.0
Specter,Warhorse,63.0,37.0,37.0
Acolyte,Homunculus,63.5,36.5,36.5
Adult Black Dragon,Behir,63.5,36.5,36.5
Air Elemental,"Vampire, Vampire Form",36.5,63.5,36.5
Animated Armor,Bearded Devil,36.5,63.5,36.5
Animated Armor,Will-o'-Wisp,36.5,63.5,36.5
Ankheg,Succubus/Incubus,36.5,63.5,36.5
Ape,Giant Vulture,63.5,36.5,36.5
Archmage,Giant Hyena,63.5,36.5,36.5
Awakened Shrub,Giant Fire Beetle,63.5,36.5,36.5
Awakened Tree,Ogre Zombie,63.5,36.5,36.5
Axe Beak,Darkmantle,36.5,63.5,36.5
Axe Beak,Giant Poisonous Snake,63.5,36.5,36.5
Axe Beak,"Wererat, Hybrid Form",36.5,63.5,36.5
Axe Beak,"Wererat, Rat Form",36.5,63.5,36.5
Azer,"Werewolf, Hybrid Form",63.5,36.5,36.5
Azer,"Werewolf, Wolf Form",63.5,36.5,36.5
Bat,Eagle,36.5,63.5,36.5
Bat,Octopus,36.5,63.5,36.5
Blink Dog,Giant Owl,36.5,63.5,36.5
Blink Dog,Shadow,36.5,63.5,36.5
Blood Hawk,Boar,36.5,63.5,36.5
Boar,Grimlock,36.5,63.5,36.5
Brown Bear,Giant Toad,63.5,36.5,36.5
Brown Bear,Grick,63.5,36.5,36.5
Brown Bear,Will-o'-Wisp,36.5,63.5,36.5
Bugbear,Gargoyle,63.5,36.5,36.5
Cat,Eagle,36.5,63.5,36.5
Centaur,Mimic,63.5,36.5,36.5
Centaur,Swarm of Quippers,63.5,36.5,36.5
Chuul,Otyugh,36.5,63.5,36.5
Cloaker,Red Dragon Wyrmling,36.5,63.5,36.5
Commoner,Sprite,63.5,36.5,36.5
Darkmantle,Deep Gnome (Svirfneblin),63.5,36.5,36.5
Darkmantle,Thug,36.5,63.5,36.5
Death Dog,Mage,63.5,36.5,36.5
Deep Gnome (Svirfneblin),Swarm of Rats,63.5,36.5,36.5
Dire Wolf,Giant Boar,63.5,36.5,36.5
Dire Wolf,Mummy,36.5,63.5,36.5
Drider,Sea Hag,63.5,36.5,36.5
Drider,"Wereboar, Boar Form",36.5,63.5,36.5
Drider,"Wereboar, Hybrid Form",36.5,63.5,36.5
Duergar,Ochre Jelly,36.5,63.5,36.5
Elk,Giant Frog,63.5,36.5,36.5
Ettin,Invisible Stalker,63.5,36.5,36.5
Flying Snake,Hyena,63.5,36.5,36.5
Ghoul,Hippogriff,63.5,36.5,36.5
Giant Centipede,Stirge,63.5,36.5,36.5
Giant Constrictor Snake,Spirit Naga,36.5,63.5,36.5
Giant Constrictor Snake,Unicorn,36.5,63.5,36.5
Giant Elk,Griffon,63.5,36.5,36.5
Giant Frog,Noble,63.5,36.5,36.5
Giant Hyena,Succubus/Incubus,36.5,63.5,36.5
Giant Octopus,Merrow,63.5,36.5,36.5
Giant Scorpion,Hell Hound,36.5,63.5,36.5
Giant Shark,Glabrezu,36.5,63.5,36.5
Giant Toad,Swarm of Poisonous Snakes,36.5,63.5,36.5
Giant Weasel,Grimlock,63.5,36.5,36.5
Giant Wolf Spider,Magmin,36.5,63.5,36.5
Gray Ooze,Imp,63.5,36.5,36.5
Grimlock,Hobgoblin,36.5,63.5,36.5
Hill Giant,Night Hag,63.5,36.5,36.5
Hippogriff,Mage,36.5,63.5,36.5
Homunculus,Lemure,36.5,63.5,36.5
Magmin,Panther,63.5,36.5,36.5
Mammoth,Roper,63.5,36.5,36.5
Manticore,"Wereboar, Human Form",36.5,63.5,36.5
Mummy Lord,Triceratops,36.5,63.5,36.5
Night Hag,Young Copper Dragon,36.5,63.5,36.5
Noble,Riding Horse,36.5,63.5,36.5
Orc,Shadow,63.5,36.5,36.5
Otyugh,Rakshasa,63.5,36.5,36.5
Skeleton,Zombie,63.5,36.5,36.5
Specter,Worg,36.5,63.5,36.5
Swarm of Beetles,Warhorse,63.5,36.5,36.5
Swarm of Centipedes,Warhorse,63.5,36.5,36.5
Swarm of Insects,Warhorse,63.5,36.5,36.5
Swarm of Rats,Swarm of Ravens,36.5,63.5,36.5
Swarm of Spiders,Warhorse,63.5,36.5,36.5
Swarm of Wasps,Warhorse,63.5,36.5,36.5
"Vampire, Bat Form","Werebear, Bear Form",36.5,63.5,36.5
"Vampire, Bat Form","Werebear, Hybrid Form",36.5,63.5,36.5
White Dragon Wyrmling,Will-o'-Wisp,36.5,63.5,36.5
Aboleth,Young Green Dragon,36.0,64.0,36.0
Animated Armor,Brown Bear,64.0,36.0,36.0
Ankheg,Bronze Dragon Wyrmling,64.0,36.0,36.0
Ape,Brass Dragon Wyrmling,36.0,64.0,36.0
Archmage,Griffon,36.0,64.0,36.0
Assassin,Drider,64.0,36.0,36.0
Assassin,Owlbear,36.0,64.0,36.0
Badger,Eagle,36.0,64.0,36.0
Badger,Jackal,64.0,36.0,36.0
Bandit,Imp,36.0,64.0,36.0
Bandit Captain,Rhinoceros,36.0,64.0,36.0
Basilisk,Giant Octopus,64.0,36.0,36.0
Berserker,Manticore,64.0,36.0,36.0
Black Bear,Giant Lizard,36.0,64.0,36.0
Black Bear,Wolf,64.0,36.0,36.0
Blink Dog,Giant Vulture,36.0,64.0,36.0
Blink Dog,Wolf,64.0,36.0,36.0
Brass Dragon Wyrmling,Giant Goat,64.0,36.0,36.0
Brass Dragon Wyrmling,Swarm of Ravens,64.0,36.0,36.0
Brown Bear,Duergar,64.0,36.0,36.0
Bugbear,Centaur,36.0,64.0,36.0
Camel,Giant Rat,64.0,36.0,36.0
Camel,Giant Rat (Diseased),64.0,36.0,36.0
Centaur,Griffon,36.0,64.0,36.0
Centaur,Hell Hound,64.0,36.0,36.0
Commoner,Poisonous Snake,64.0,36.0,36.0
Copper Dragon Wyrmling,Lion,64.0,36.0,36.0
Couatl,"Vampire, Bat Form",36.0,64.0,36.0
Crab,Raven,64.0,36.0,36.0
Crab,Spider,64.0,36.0,36.0
Crab,Stirge,36.0,64.0,36.0
Deep Gnome (Svirfneblin),Hobgoblin,64.0,36.0,36.0
Deva,"Vampire, Bat Form",36.0,64.0,36.0
Draft Horse,Rust Monster,64.0,36.0,36.0
Drider,Pegasus,36.0,64.0,36.0
Drider,Saber-Toothed Tiger,64.0,36.0,36.0
Duergar,Giant Eagle,64.0,36.0,36.0
Elk,Swarm of Bats,36.0,64.0,36.0
Gelatinous Cube,Griffon,64.0,36.0,36.0
Gelatinous Cube,Mummy,64.0,36.0,36.0
Giant Crab,Goblin,64.0,36.0,36.0
Giant Crocodile,Hezrou,36.0,64.0,36.0
Giant Lizard,Swarm of Ravens,36.0,64.0,36.0
Giant Octopus,Polar Bear,64.0,36.0,36.0
Giant Sea Horse,Priest,36.0,64.0,36.0
Giant Spider,Ochre Jelly,36.0,64.0,36.0
Giant Vulture,Hobgoblin,64.0,36.0,36.0
Gnoll,Thug,36.0,64.0,36.0
Goat,Mastiff,36.0,64.0,36.0
Goblin,Quasit,64.0,36.0,36.0
Gold Dragon Wyrmling,"Weretiger, Hybrid Form",36.0,64.0,36.0
Gold Dragon Wyrmling,"Weretiger, Tiger Form",36.0,64.0,36.0
Green Hag,Rakshasa,64.0,36.0,36.0
Harpy,Orc,64.0,36.0,36.0
Hill Giant,Young Copper Dragon,36.0,64.0,36.0
Hydra,Triceratops,36.0,64.0,36.0
Imp,Pony,64.0,36.0,36.0
Imp,Riding Horse,36.0,64.0,36.0
Kobold,Mastiff,64.0,36.0,36.0
Nightmare,Winter Wolf,64.0,36.0,36.0
Ochre Jelly,Worg,64.0,36.0,36.0
Otyugh,Xorn,36.0,64.0,36.0
Rust Monster,Satyr,36.0,64.0,36.0
Rust Monster,Warhorse,36.0,64.0,36.0
Shadow,Swarm of Beetles,36.0,64.0,36.0
Shadow,Swarm of Centipedes,36.0,64.0,36.0
Shadow,Swarm of Insects,36.0,64.0,36.0
Shadow,Swarm of Spiders,36.0,64.0,36.0
Shadow,Swarm of Wasps,36.0,64.0,36.0
Shield Guardian,Young Copper Dragon,36.0,64.0,36.0
Silver Dragon Wyrmling,"Weretiger, Human Form",36.0,64.0,36.0
"Vampire, Bat Form",Xorn,64.0,36.0,36.0
Vampire Spawn,"Weretiger, Human Form",36.0,64.0,36.0
Adult Gold Dragon,Remorhaz,35.5,64.5,35.5
Adult Red Dragon,Remorhaz,35.5,64.5,35.5
Air Elemental,Couatl,64.5,35.5,35.5
Animated Armor,Grick,64.5,35.5,35.5
Animated Armor,Wight,64.5,35.5,35.5
Axe Beak,Spy,35.5,64.5,35.5
Azer,Polar Bear,35.5,64.5,35.5
Bandit Captain,Blue Dragon Wyrmling,35.5,64.5,35.5
Berserker,Veteran,64.5,35.5,35.5
Blood Hawk,Giant Rat,64.5,35.5,35.5
Blood Hawk,Giant Rat (Diseased),64.5,35.5,35.5
Brass Dragon Wyrmling,Duergar,35.5,64.5,35.5
Bulette,Efreeti,35.5,64.5,35.5
Cat,Commoner,35.5,64.5,35.5
Centaur,Giant Boar,64.5,35.5,35.5
Cockatrice,Hobgoblin,35.5,64.5,35.5
Cult Fanatic,Deep Gnome (Svirfneblin),35.5,64.5,35.5
Deva,Otyugh,64.5,35.5,35.5
Dust Mephit,Gray Ooze,64.5,35.5,35.5
Dust Mephit,Magmin,64.5,35.5,35.5
Dust Mephit,Zombie,64.5,35.5,35.5
Elephant,"Vampire, Vampire Form",35.5,64.5,35.5
Elk,Gray Ooze,64.5,35.5,35.5
Elk,Zombie,64.5,35.5,35.5
Flying Sword,Swarm of Beetles,35.5,64.5,35.5
Flying Sword,Swarm of Centipedes,35.5,64.5,35.5
Flying Sword,Swarm of Insects,35.5,64.5,35.5
Flying Sword,Swarm of Spiders,35.5,64.5,35.5
Flying Sword,Swarm of Wasps,35.5,64.5,35.5
Giant Constrictor Snake,"Wereboar, Human Form",64.5,35.5,35.5
Giant Crab,Noble,64.5,35.5,35.5
Giant Crocodile,Triceratops,35.5,64.5,35.5
Giant Eagle,Grick,35.5,64.5,35.5
Giant Fire Beetle,Homunculus,35.5,64.5,35.5
Giant Frog,Pony,64.5,35.5,35.5
Giant Goat,Giant Owl,64.5,35.5,35.5
Giant Hyena,Green Dragon Wyrmling,64.5,35.5,35.5
Giant Octopus,Hell Hound,64.5,35.5,35.5
Giant Rat,Giant Rat (Diseased),64.5,35.5,35.5
Giant Shark,Mammoth,35.5,64.5,35.5
Giant Vulture,Swarm of Bats,64.5,35.5,35.5
Giant Wolf Spider,Magma Mephit,35.5,64.5,35.5
Giant Wolf Spider,Quasit,64.5,35.5,35.5
Gibbering Mouther,"Wereboar, Boar Form",64.5,35.5,35.5
Gibbering Mouther,"Wereboar, Hybrid Form",64.5,35.5,35.5
Gnoll,Orc,35.5,64.5,35.5
Goat,Vulture,64.5,35.5,35.5
Hunter Shark,Ogre,35.5,64.5,35.5
Hunter Shark,Vampire Spawn,35.5,64.5,35.5
Killer Whale,Night Hag,35.5,64.5,35.5
Knight,"Weretiger, Hybrid Form",35.5,64.5,35.5
Knight,"Weretiger, Tiger Form",35.5,64.5,35.5
Marilith,Young Blue Dragon,64.5,35.5,35.5
Mimic,Will-o'-Wisp,64.5,35.5,35.5
Mule,Noble,35.5,64.5,35.5
Pegasus,Unicorn,35.5,64.5,35.5
Priest,Swarm of Bats,35.5,64.5,35.5
Red Dragon Wyrmling,"Weretiger, Hybrid Form",64.5,35.5,35.5
Red Dragon Wyrmling,"Weretiger, Tiger Form",64.5,35.5,35.5
Scout,Skeleton,64.5,35.5,35.5
Silver Dragon Wyrmling,Veteran,64.5,35.5,35.5
Swarm of Beetles,"Wererat, Human Form",64.5,35.5,35.5
Swarm of Centipedes,"Wererat, Human Form",64.5,35.5,35.5
Swarm of Insects,"Wererat, Human Form",64.5,35.5,35.5
Swarm of Spiders,"Wererat, Human Form",64.5,35.5,35.5
Swarm of Wasps,"Wererat, Human Form",64.5,35.5,35.5
Tiger,Worg,64.5,35.5,35.5
Tyrannosaurus Rex,Young Gold Dragon,64.5,35.5,35.5
Tyrannosaurus Rex,Young Red Dragon,64.5,35.5,35.5
Warhorse,Wight,35.5,64.5,35.5
Warhorse Skeleton,"Werewolf, Hybrid Form",35.5,64.5,35.5
Warhorse Skeleton,"Werewolf, Wolf Form",35.5,64.5,35.5
"Werebear, Bear Form",Xorn,64.5,35.5,35.5
"Werebear, Hybrid Form",Xorn,64.5,35.5,35.5
"Wereboar, Human Form","Weretiger, Human Form",35.5,64.5,35.5
Acolyte,Hyena,65.0,35.0,35.0
Adult Bronze Dragon,Planetar,35.0,65.0,35.0
Bandit,Violet Fungus,65.0,35.0,35.0
Bandit Captain,Ghost,35.0,65.0,35.0
Berserker,"Weretiger, Human Form",35.0,65.0,35.0
Bone Devil,Young Copper Dragon,35.0,65.0,35.0
Brass Dragon Wyrmling,Flying Sword,65.0,35.0,35.0
Brass Dragon Wyrmling,Giant Bat,65.0,35.0,35.0
Brass Dragon Wyrmling,Lizardfolk,65.0,35.0,35.0
Brass Dragon Wyrmling,"Wererat, Hybrid Form",65.0,35.0,35.0
Brass Dragon Wyrmling,"Wererat, Rat Form",65.0,35.0,35.0
Bugbear,Swarm of Poisonous Snakes,65.0,35.0,35.0
Cat,Raven,65.0,35.0,35.0
Cat,Spider,65.0,35.0,35.0
Centaur,Dire Wolf,65.0,35.0,35.0
Centaur,Giant Elk,35.0,65.0,35.0
Centaur,Giant Scorpion,65.0,35.0,35.0
Chain Devil,Elephant,35.0,65.0,35.0
Constrictor Snake,Imp,65.0,35.0,35.0
Copper Dragon Wyrmling,Harpy,65.0,35.0,35.0
Copper Dragon Wyrmling,Swarm of Beetles,65.0,35.0,35.0
Copper Dragon Wyrmling,Swarm of Centipedes,65.0,35.0,35.0
Copper Dragon Wyrmling,Swarm of Insects,65.0,35.0,35.0
Copper Dragon Wyrmling,Swarm of Spiders,65.0,35.0,35.0
Copper Dragon Wyrmling,Swarm of Wasps,65.0,35.0,35.0
Crocodile,Giant Vulture,65.0,35.0,35.0
Crocodile,Swarm of Beetles,35.0,65.0,35.0
Crocodile,Swarm of Centipedes,35.0,65.0,35.0
Crocodile,Swarm of Insects,35.0,65.0,35.0
Crocodile,Swarm of Spiders,35.0,65.0,35.0
Crocodile,Swarm of Wasps,35.0,65.0,35.0
Crocodile,"Wererat, Human Form",35.0,65.0,35.0
Deep Gnome (Svirfneblin),Swarm of Bats,65.0,35.0,35.0
Deva,Erinyes,35.0,65.0,35.0
Dire Wolf,Will-o'-Wisp,65.0,35.0,35.0
Doppelganger,Hell Hound,65.0,35.0,35.0
Doppelganger,Mimic,65.0,35.0,35.0
Doppelganger,Sea Hag,35.0,65.0,35.0
Dretch,Imp,35.0,65.0,35.0
Dretch,Magmin,35.0,65.0,35.0
Drider,Giant Constrictor Snake,35.0,65.0,35.0
Gargoyle,Giant Scorpion,35.0,65.0,35.0
Giant Crab,Giant Poisonous Snake,35.0,65.0,35.0
Giant Fire Beetle,Poisonous Snake,65.0,35.0,35.0
Giant Octopus,Mimic,65.0,35.0,35.0
Giant Poisonous Snake,Gnoll,35.0,65.0,35.0
Giant Poisonous Snake,Lizardfolk,35.0,65.0,35.0
Giant Wasp,Imp,65.0,35.0,35.0
Gnoll,Swarm of Ravens,35.0,65.0,35.0
Gold Dragon Wyrmling,Plesiosaurus,35.0,65.0,35.0
Half-Red Dragon Veteran,Hunter Shark,65.0,35.0,35.0
Hezrou,Mummy Lord,65.0,35.0,35.0
Hippogriff,Specter,35.0,65.0,35.0
Homunculus,Mastiff,35.0,65.0,35.0
Hunter Shark,Veteran,65.0,35.0,35.0
Imp,Noble,65.0,35.0,35.0
Invisible Stalker,Salamander,35.0,65.0,35.0
Iron Golem,Roc,35.0,65.0,35.0
Minotaur,Oni,65.0,35.0,35.0
Minotaur,Salamander,65.0,35.0,35.0
Minotaur Skeleton,Oni,35.0,65.0,35.0
Night Hag,"Vampire, Vampire Form",65.0,35.0,35.0
Nightmare,Troll,65.0,35.0,35.0
Octopus,Sprite,65.0,35.0,35.0
Owlbear,Silver Dragon Wyrmling,65.0,35.0,35.0
Rat,Sprite,35.0,65.0,35.0
Rust Monster,Specter,35.0,65.0,35.0
Shadow,"Wererat, Human Form",35.0,65.0,35.0
Swarm of Ravens,"Wererat, Hybrid Form",65.0,35.0,35.0
Swarm of Ravens,"Wererat, Rat Form",65.0,35.0,35.0
Animated Armor,Ochre Jelly,65.5,34.5,34.5
Ankheg,Bugbear,65.5,34.5,34.5
Ankheg,Giant Elk,34.5,65.5,34.5
Ankheg,Saber-Toothed Tiger,34.5,65.5,34.5
Ape,Swarm of Rats,65.5,34.5,34.5
Ape,Thug,34.5,65.5,34.5
Axe Beak,Draft Horse,34.5,65.5,34.5
Axe Beak,Hippogriff,34.5,65.5,34.5
Badger,Deer,34.5,65.5,34.5
Bandit,Cultist,65.5,34.5,34.5
Basilisk,Centaur,65.5,34.5,34.5
Bearded Devil,Swarm of Poisonous Snakes,65.5,34.5,34.5
Black Bear,Constrictor Snake,65.5,34.5,34.5
Black Bear,Giant Wasp,65.5,34.5,34.5
Black Bear,Panther,65.5,34.5,34.5
Black Dragon Wyrmling,Bronze Dragon Wyrmling,34.5,65.5,34.5
Blink Dog,Deep Gnome (Svirfneblin),34.5,65.5,34.5
Blink Dog,Skeleton,65.5,34.5,34.5
Brass Dragon Wyrmling,Reef Shark,65.5,34.5,34.5
Brass Dragon Wyrmling,Shadow,65.5,34.5,34.5
Brown Bear,Phase Spider,65.5,34.5,34.5
Bugbear,"Werewolf, Hybrid Form",65.5,34.5,34.5
Bugbear,"Werewolf, Wolf Form",65.5,34.5,34.5
Centaur,Hunter Shark,34.5,65.5,34.5
Centaur,Succubus/Incubus,34.5,65.5,34.5
Chuul,Vrock,65.5,34.5,34.5
Cultist,Grimlock,34.5,65.5,34.5
Cultist,Noble,34.5,65.5,34.5
Death Dog,Satyr,65.5,34.5,34.5
Draft Horse,Giant Spider,34.5,65.5,34.5
Draft Horse,Specter,34.5,65.5,34.5
Dryad,Violet Fungus,65.5,34.5,34.5
Elephant,Otyugh,65.5,34.5,34.5
Erinyes,Night Hag,34.5,65.5,34.5
Gelatinous Cube,Giant Constrictor Snake,34.5,65.5,34.5
Gelatinous Cube,Silver Dragon Wyrmling,34.5,65.5,34.5
Ghost,Ogre Zombie,34.5,65.5,34.5
Ghost,Veteran,65.5,34.5,34.5
Ghoul,Hobgoblin,65.5,34.5,34.5
Giant Ape,Mammoth,65.5,34.5,34.5
Giant Boar,Griffon,34.5,65.5,34.5
Giant Crab,Grimlock,65.5,34.5,34.5
Giant Lizard,Rust Monster,34.5,65.5,34.5
Giant Owl,Giant Vulture,65.5,34.5,34.5
Giant Owl,"Wererat, Human Form",34.5,65.5,34.5
Giant Poisonous Snake,Riding Horse,65.5,34.5,34.5
Giant Sea Horse,Goblin,65.5,34.5,34.5
Giant Sea Horse,Pony,65.5,34.5,34.5
Giant Spider,Warhorse,65.5,34.5,34.5
Giant Weasel,Goblin,65.5,34.5,34.5
Giant Weasel,Hobgoblin,34.5,65.5,34.5
Glabrezu,Gorgon,65.5,34.5,34.5
Gladiator,Oni,65.5,34.5,34.5
Gladiator,Salamander,65.5,34.5,34.5
Gold Dragon Wyrmling,Unicorn,65.5,34.5,34.5
Grick,White Dragon Wyrmling,34.5,65.5,34.5
Hezrou,Young Green Dragon,34.5,65.5,34.5
Hippogriff,"Wererat, Hybrid Form",65.5,34.5,34.5
Hippogriff,"Wererat, Rat Form",65.5,34.5,34.5
Knight,Ogre,65.5,34.5,34.5
Lion,"Wererat, Human Form",65.5,34.5,34.5
Magmin,Pony,65.5,34.5,34.5
Mammoth,Stone Giant,65.5,34.5,34.5
Mummy Lord,Night Hag,65.5,34.5,34.5
Ochre Jelly,Warhorse Skeleton,65.5,34.5,34.5
Ogre,Winter Wolf,34.5,65.5,34.5
Pegasus,Spirit Naga,34.5,65.5,34.5
Reef Shark,Swarm of Beetles,34.5,65.5,34.5
Reef Shark,Swarm of Centipedes,34.5,65.5,34.5
Reef Shark,Swarm of Insects,34.5,65.5,34.5
Reef Shark,Swarm of Spiders,34.5,65.5,34.5
Reef Shark,Swarm of Wasps,34.5,65.5,34.5
Shambling Mound,Young Copper Dragon,34.5,65.5,34.5
Skeleton,Swarm of Bats,34.5,65.5,34.5
Stone Giant,Treant,65.5,34.5,34.5
Tiger,Warhorse Skeleton,65.5,34.5,34.5
Veteran,"Wereboar, Human Form",34.5,65.5,34.5
Warhorse,Will-o'-Wisp,34.5,65.5,34.5
White Dragon Wyrmling,Worg,65.5,34.5,34.5
Adult Blue Dragon,Nalfeshnee,34.0,66.0,34.0
Adult Silver Dragon,Roc,34.0,66.0,34.0
Air Elemental,Elephant,66.0,34.0,34.0
Ancient Copper Dragon,Ancient Green Dragon,34.0,66.0,34.0
Ankheg,Ghast,66.0,34.0,34.0
Ankheg,Will-o'-Wisp,66.0,34.0,34.0
Archmage,Polar Bear,66.0,34.0,34.0
Axe Beak,Scout,66.0,34.0,34.0
Azer,Merrow,34.0,66.0,34.0
Black Dragon Wyrmling,Mimic,34.0,66.0,34.0
Blue Dragon Wyrmling,Succubus/Incubus,66.0,34.0,34.0
Boar,Pony,34.0,66.0,34.0
Brown Bear,Copper Dragon Wyrmling,66.0,34.0,34.0
Brown Bear,Giant Spider,66.0,34.0,34.0
Chimera,Rakshasa,66.0,34.0,34.0
Chuul,Elephant,34.0,66.0,34.0
Chuul,Xorn,34.0,66.0,34.0
Crocodile,Giant Owl,66.0,34.0,34.0
Crocodile,Hobgoblin,66.0,34.0,34.0
Cult Fanatic,Flying Sword,34.0,66.0,34.0
Cultist,Dretch,34.0,66.0,34.0
Cultist,Giant Wolf Spider,34.0,66.0,34.0
Dire Wolf,Gelatinous Cube,34.0,66.0,34.0
Djinni,Young Bronze Dragon,34.0,66.0,34.0
Doppelganger,Giant Hyena,66.0,34.0,34.0
Doppelganger,Veteran,34.0,66.0,34.0
Drider,Silver Dragon Wyrmling,34.0,66.0,34.0
Dryad,Giant Weasel,34.0,66.0,34.0
Dryad,Pseudodragon,66.0,34.0,34.0
Dryad,Steam Mephit,66.0,34.0,34.0
Dust Mephit,Hobgoblin,34.0,66.0,34.0
Efreeti,Young Blue Dragon,66.0,34.0,34.0
Elephant,"Werebear, Bear Form",34.0,66.0,34.0
Elephant,"Werebear, Hybrid Form",34.0,66.0,34.0
Ettercap,"Werewolf, Hybrid Form",34.0,66.0,34.0
Ettercap,"Werewolf, Wolf Form",34.0,66.0,34.0
Ettercap,Will-o'-Wisp,34.0,66.0,34.0
Fire Elemental,Lamia,34.0,66.0,34.0
Ghost,Knight,34.0,66.0,34.0
Ghost,Spirit Naga,34.0,66.0,34.0
Ghoul,Gnoll,66.0,34.0,34.0
Ghoul,Specter,34.0,66.0,34.0
Giant Ape,Young Bronze Dragon,66.0,34.0,34.0
Giant Centipede,Giant Rat,34.0,66.0,34.0
Giant Centipede,Giant Rat (Diseased),34.0,66.0,34.0
Giant Crab,Magma Mephit,66.0,34.0,34.0
Giant Eagle,Phase Spider,34.0,66.0,34.0
Giant Elk,Owlbear,34.0,66.0,34.0
Giant Frog,Giant Poisonous Snake,34.0,66.0,34.0
Giant Frog,Giant Weasel,66.0,34.0,34.0
Giant Frog,Hobgoblin,34.0,66.0,34.0
Giant Hyena,Giant Scorpion,66.0,34.0,34.0
Giant Octopus,Manticore,34.0,66.0,34.0
Giant Sea Horse,Hobgoblin,34.0,66.0,34.0
Giant Spider,Lion,66.0,34.0,34.0
Gibbering Mouther,Pegasus,66.0,34.0,34.0
Gibbering Mouther,Winter Wolf,34.0,66.0,34.0
Gnoll,Rust Monster,34.0,66.0,34.0
Gold Dragon Wyrmling,Minotaur Skeleton,34.0,66.0,34.0
Harpy,Rust Monster,66.0,34.0,34.0
Hell Hound,Mummy,34.0,66.0,34.0
Hell Hound,Will-o'-Wisp,66.0,34.0,34.0
Knight,Plesiosaurus,34.0,66.0,34.0
Knight,Silver Dragon Wyrmling,66.0,34.0,34.0
Kobold,Pseudodragon,34.0,66.0,34.0
Lizard,Stirge,34.0,66.0,34.0
Magmin,Swarm of Bats,34.0,66.0,34.0
Mammoth,Young Silver Dragon,34.0,66.0,34.0
Marilith,Roper,66.0,34.0,34.0
Marilith,Stone Giant,66.0,34.0,34.0
Minotaur Skeleton,Plesiosaurus,66.0,34.0,34.0
Mummy,Rhinoceros,34.0,66.0,34.0
Ogre Zombie,"Weretiger, Hybrid Form",34.0,66.0,34.0
Ogre Zombie,"Weretiger, Tiger Form",34.0,66.0,34.0
Orc,Reef Shark,66.0,34.0,34.0
Phase Spider,Specter,66.0,34.0,34.0
Rat,Stirge,34.0,66.0,34.0
Reef Shark,Swarm of Rats,66.0,34.0,34.0
Remorhaz,Solar,34.0,66.0,34.0
Scout,Shadow,34.0,66.0,34.0
Shadow,Swarm of Rats,66.0,34.0,34.0
Spy,Swarm of Beetles,34.0,66.0,34.0
Spy,Swarm of Centipedes,34.0,66.0,34.0
Spy,Swarm of Insects,34.0,66.0,34.0
Spy,Swarm of Spiders,34.0,66.0,34.0
Spy,Swarm of Wasps,34.0,66.0,34.0
Swarm of Rats,Thug,34.0,66.0,34.0
Vampire Spawn,"Wereboar, Human Form",66.0,34.0,34.0
Ancient Brass Dragon,Remorhaz,66.5,33.5,33.5
Ape,Giant Lizard,66.5,33.5,33.5
Azer,White Dragon Wyrmling,66.5,33.5,33.5
Baboon,Lizard,66.5,33.5,33.5
Balor,Remorhaz,66.5,33.5,33.5
Barbed Devil,Ogre Zombie,66.5,33.5,33.5
Black Bear,Elk,66.5,33.5,33.5
Blue Dragon Wyrmling,Giant Elk,66.5,33.5,33.5
Bronze Dragon Wyrmling,Doppelganger,33.5,66.5,33.5
Centaur,Will-o'-Wisp,66.5,33.5,33.5
Chain Devil,Oni,66.5,33.5,33.5
Constrictor Snake,Noble,66.5,33.5,33.5
Couatl,Otyugh,66.5,33.5,33.5
Cultist,Giant Rat,66.5,33.5,33.5
Cultist,Giant Rat (Diseased),66.5,33.5,33.5
Doppelganger,Manticore,33.5,66.5,33.5
Doppelganger,Saber-Toothed Tiger,33.5,66.5,33.5
Dust Mephit,Noble,66.5,33.5,33.5
Efreeti,Mammoth,66.5,33.5,33.5
Efreeti,Marilith,66.5,33.5,33.5
Elk,Sahuagin,66.5,33.5,33.5
Flying Sword,Harpy,33.5,66.5,33.5
Ghast,"Werewolf, Hybrid Form",66.5,33.5,33.5
Ghast,"Werewolf, Wolf Form",66.5,33.5,33.5
Giant Bat,Hobgoblin,66.5,33.5,33.5
Giant Lizard,Giant Poisonous Snake,66.5,33.5,33.5
Giant Lizard,Thug,33.5,66.5,33.5
Giant Octopus,Green Dragon Wyrmling,66.5,33.5,33.5
Giant Owl,Hobgoblin,66.5,33.5,33.5
Giant Owl,Satyr,33.5,66.5,33.5
Giant Sea Horse,Giant Weasel,66.5,33.5,33.5
Giant Shark,Ice Devil,33.5,66.5,33.5
Giant Shark,Young Blue Dragon,33.5,66.5,33.5
Giant Toad,Tiger,33.5,66.5,33.5
Giant Wasp,Noble,66.5,33.5,33.5
Giant Wolf Spider,Panther,33.5,66.5,33.5
Goblin,Violet Fungus,66.5,33.5,33.5
Gold Dragon Wyrmling,Owlbear,66.5,33.5,33.5
Green Hag,"Vampire, Bat Form",33.5,66.5,33.5
Griffon,Silver Dragon Wyrmling,33.5,66.5,33.5
Hunter Shark,Saber-Toothed Tiger,66.5,33.5,33.5
Jackal,Lizard,66.5,33.5,33.5
Kobold,Mule,33.5,66.5,33.5
Lion,Warhorse Skeleton,33.5,66.5,33.5
Manticore,Mummy,66.5,33.5,33.5
Merrow,Succubus/Incubus,33.5,66.5,33.5
Mummy,Silver Dragon Wyrmling,33.5,66.5,33.5
Mummy Lord,Young White Dragon,33.5,66.5,33.5
Nalfeshnee,Remorhaz,33.5,66.5,33.5
Ogre Zombie,Plesiosaurus,33.5,66.5,33.5
Oni,Otyugh,33.5,66.5,33.5
Owlbear,"Wereboar, Boar Form",66.5,33.5,33.5
Owlbear,"Wereboar, Hybrid Form",66.5,33.5,33.5
Phase Spider,Swarm of Poisonous Snakes,33.5,66.5,33.5
Polar Bear,Sea Hag,33.5,66.5,33.5
Polar Bear,Swarm of Quippers,66.5,33.5,33.5
Rakshasa,Salamander,66.5,33.5,33.5
Rhinoceros,Sea Hag,66.5,33.5,33.5
Rhinoceros,Unicorn,33.5,66.5,33.5
Riding Horse,Wolf,66.5,33.5,33.5
Saber-Toothed Tiger,"Wereboar, Boar Form",33.5,66.5,33.5
Saber-Toothed Tiger,"Wereboar, Hybrid Form",33.5,66.5,33.5
Satyr,Thug,66.5,33.5,33.5
Thug,Warhorse,33.5,66.5,33.5
Tiger,Wight,66.5,33.5,33.5
Treant,Young Blue Dragon,33.5,66.5,33.5
Animated Armor,Azer,33.0,67.0,33.0
Ankheg,Giant Boar,67.0,33.0,33.0
Ankheg,Giant Scorpion,67.0,33.0,33.0
Awakened Shrub,Giant Centipede,33.0,67.0,33.0
Axe Beak,Ghoul,33.0,67.0,33.0
Badger,Cat,67.0,33.0,33.0
Balor,Solar,33.0,67.0,33.0
Basilisk,Hell Hound,67.0,33.0,33.0
Berserker,Hunter Shark,67.0,33.0,33.0
Berserker,Spirit Naga,33.0,67.0,33.0
Black Dragon Wyrmling,Giant Hyena,33.0,67.0,33.0
Black Dragon Wyrmling,Merrow,33.0,67.0,33.0
Black Pudding,Giant Octopus,33.0,67.0,33.0
Blue Dragon Wyrmling,Owlbear,33.0,67.0,33.0
Boar,Mule,67.0,33.0,33.0
Bronze Dragon Wyrmling,Griffon,33.0,67.0,33.0
Camel,Steam Mephit,33.0,67.0,33.0
Centaur,Sea Hag,33.0,67.0,33.0
Chuul,Ettin,67.0,33.0,33.0
Cockatrice,Sahuagin,67.0,33.0,33.0
Copper Dragon Wyrmling,Mage,67.0,33.0,33.0
Crab,Eagle,33.0,67.0,33.0
Crocodile,Giant Eagle,33.0,67.0,33.0
Cult Fanatic,Riding Horse,67.0,33.0,33.0
Darkmantle,Gnoll,67.0,33.0,33.0
Deer,Homunculus,33.0,67.0,33.0
Drow,Magmin,67.0,33.0,33.0
Duergar,Wight,33.0,67.0,33.0
Dust Mephit,Imp,67.0,33.0,33.0
Elk,Giant Wasp,67.0,33.0,33.0
Elk,Panther,67.0,33.0,33.0
Erinyes,"Vampire, Bat Form",67.0,33.0,33.0
Ettin,Gladiator,33.0,67.0,33.0
Flying Sword,Giant Poisonous Snake,67.0,33.0,33.0
Flying Sword,Swarm of Bats,67.0,33.0,33.0
Gelatinous Cube,Ghost,33.0,67.0,33.0
Ghost,Giant Elk,67.0,33.0,33.0
Ghoul,Giant Goat,67.0,33.0,33.0
Giant Eagle,Orc,67.0,33.0,33.0
Giant Eagle,Thug,67.0,33.0,33.0
Giant Frog,Giant Wolf Spider,67.0,33.0,33.0
Giant Poisonous Snake,Reef Shark,33.0,67.0,33.0
Giant Sea Horse,Ice Mephit,67.0,33.0,33.0
Giant Wolf Spider,Violet Fungus,67.0,33.0,33.0
Glabrezu,Treant,67.0,33.0,33.0
Green Hag,Minotaur,67.0,33.0,33.0
Guardian Naga,Water Elemental,67.0,33.0,33.0
Half-Red Dragon Veteran,Knight,33.0,67.0,33.0
Hobgoblin,Magmin,67.0,33.0,33.0
Hunter Shark,Succubus/Incubus,67.0,33.0,33.0
Invisible Stalker,Wyvern,33.0,67.0,33.0
Lion,Mage,67.0,33.0,33.0
Magmin,Swarm of Rats,33.0,67.0,33.0
Minotaur,Vrock,67.0,33.0,33.0
Minotaur Skeleton,Vrock,33.0,67.0,33.0
Ogre,"Wereboar, Boar Form",67.0,33.0,33.0
Ogre,"Wereboar, Hybrid Form",67.0,33.0,33.0
Owlbear,Winter Wolf,33.0,67.0,33.0
Phase Spider,White Dragon Wyrmling,33.0,67.0,33.0
Salamander,Xorn,33.0,67.0,33.0
Spirit Naga,Vampire Spawn,67.0,33.0,33.0
Troll,"Weretiger, Hybrid Form",33.0,67.0,33.0
Troll,"Weretiger, Tiger Form",33.0,67.0,33.0
Wraith,Wyvern,67.0,33.0,33.0
Acolyte,Stirge,67.5,32.5,32.5
Adult Brass Dragon,Young Silver Dragon,67.5,32.5,32.5
Adult Copper Dragon,Young Gold Dragon,67.5,32.5,32.5
Adult Copper Dragon,Young Red Dragon,67.5,32.5,32.5
Adult Green Dragon,Fire Giant,32.5,67.5,32.5
Animated Armor,Giant Scorpion,32.5,67.5,32.5
Animated Armor,Giant Toad,67.5,32.5,32.5
Archmage,Mimic,67.5,32.5,32.5
Axe Beak,Rust Monster,32.5,67.5,32.5
Baboon,Octopus,32.5,67.5,32.5
Bandit,Steam Mephit,67.5,32.5,32.5
Bandit Captain,Centaur,67.5,32.5,32.5
Bandit Captain,Gibbering Mouther,32.5,67.5,32.5
Barbed Devil,Knight,67.5,32.5,32.5
Basilisk,Silver Dragon Wyrmling,32.5,67.5,32.5
Bearded Devil,Tiger,67.5,32.5,32.5
Black Dragon Wyrmling,Hell Hound,32.5,67.5,32.5
Blink Dog,Gnoll,32.5,67.5,32.5
Blood Hawk,Dryad,32.5,67.5,32.5
Blood Hawk,Giant Badger,32.5,67.5,32.5
Blue Dragon Wyrmling,Vampire Spawn,32.5,67.5,32.5
Boar,Imp,32.5,67.5,32.5
Brass Dragon Wyrmling,Giant Spider,32.5,67.5,32.5
Bugbear,Gelatinous Cube,32.5,67.5,32.5
Bugbear,Tiger,67.5,32.5,32.5
Centaur,Saber-Toothed Tiger,32.5,67.5,32.5
Chain Devil,Chuul,67.5,32.5,32.5
Clay Golem,Gynosphinx,32.5,67.5,32.5
Copper Dragon Wyrmling,White Dragon Wyrmling,32.5,67.5,32.5
Couatl,Green Hag,67.5,32.5,32.5
Crab,Lizard,67.5,32.5,32.5
Crocodile,Lion,32.5,67.5,32.5
Cult Fanatic,Darkmantle,32.5,67.5,32.5
Deep Gnome (Svirfneblin),Giant Poisonous Snake,67.5,32.5,32.5
Drider,Medusa,32.5,67.5,32.5
Drow,Giant Sea Horse,67.5,32.5,32.5
Dust Mephit,Magma Mephit,67.5,32.5,32.5
Dust Mephit,Swarm of Bats,32.5,67.5,32.5
Flying Sword,"Wererat, Human Form",32.5,67.5,32.5
Frost Giant,Stone Golem,32.5,67.5,32.5
Ghast,Giant Elk,32.5,67.5,32.5
Ghost,Gold Dragon Wyrmling,32.5,67.5,32.5
Ghoul,"Wererat, Hybrid Form",67.5,32.5,32.5
Ghoul,"Wererat, Rat Form",67.5,32.5,32.5
Giant Badger,Magmin,32.5,67.5,32.5
Giant Badger,Quasit,67.5,32.5,32.5
Giant Frog,Scout,32.5,67.5,32.5
Giant Goat,Gnoll,67.5,32.5,32.5
Giant Weasel,Giant Wolf Spider,67.5,32.5,32.5
Goblin,Wolf,32.5,67.5,32.5
Grimlock,Riding Horse,32.5,67.5,32.5
Harpy,Swarm of Ravens,67.5,32.5,32.5
Imp,Priest,32.5,67.5,32.5
Imp,Scout,32.5,67.5,32.5
Invisible Stalker,Wraith,32.5,67.5,32.5
Jackal,Octopus,32.5,67.5,32.5
Mage,"Wererat, Human Form",67.5,32.5,32.5
Minotaur Skeleton,Salamander,32.5,67.5,32.5
Nalfeshnee,Purple Worm,67.5,32.5,32.5
Owlbear,Troll,32.5,67.5,32.5
Plesiosaurus,Vrock,32.5,67.5,32.5
Poisonous Snake,Sprite,67.5,32.5,32.5
Rhinoceros,Spirit Naga,32.5,67.5,32.5
Sea Hag,Vampire Spawn,32.5,67.5,32.5
Adult Green Dragon,Cloud Giant,68.0,32.0,32.0
Assassin,Knight,32.0,68.0,32.0
Axe Beak,Drow,68.0,32.0,32.0
Azer,Giant Octopus,32.0,68.0,32.0
Bandit,Magmin,32.0,68.0,32.0
Barbed Devil,Red Dragon Wyrmling,32.0,68.0,32.0
Bearded Devil,White Dragon Wyrmling,68.0,32.0,32.0
Behir,Stone Golem,68.0,32.0,32.0
Berserker,Saber-Toothed Tiger,68.0,32.0,32.0
Berserker,Unicorn,32.0,68.0,32.0
Blink Dog,Giant Crab,68.0,32.0,32.0
Blood Hawk,Goblin,32.0,68.0,32.0
Bone Devil,Hezrou,32.0,68.0,32.0
Brass Dragon Wyrmling,Copper Dragon Wyrmling,32.0,68.0,32.0
Brass Dragon Wyrmling,Deep Gnome (Svirfneblin),68.0,32.0,32.0
Bronze Dragon Wyrmling,Gelatinous Cube,32.0,68.0,32.0
Bugbear,Mummy,32.0,68.0,32.0
Cat,Crab,68.0,32.0,32.0
Cat,Giant Fire Beetle,32.0,68.0,32.0
Constrictor Snake,Priest,32.0,68.0,32.0
Copper Dragon Wyrmling,"Wererat, Human Form",68.0,32.0,32.0
Couatl,Wraith,68.0,32.0,32.0
Cultist,Giant Weasel,32.0,68.0,32.0
Darkmantle,Swarm of Beetles,32.0,68.0,32.0
Darkmantle,Swarm of Centipedes,32.0,68.0,32.0
Darkmantle,Swarm of Insects,32.0,68.0,32.0
Darkmantle,Swarm of Spiders,32.0,68.0,32.0
Darkmantle,Swarm of Wasps,32.0,68.0,32.0
Death Dog,Warhorse Skeleton,32.0,68.0,32.0
Deep Gnome (Svirfneblin),"Wererat, Human Form",32.0,68.0,32.0
Djinni,Roper,32.0,68.0,32.0
Djinni,Young Black Dragon,68.0,32.0,32.0
Draft Horse,Hippogriff,68.0,32.0,32.0
Draft Horse,Orc,68.0,32.0,32.0
Draft Horse,Thug,68.0,32.0,32.0
Drider,Manticore,68.0,32.0,32.0
Drow,Reef Shark,32.0,68.0,32.0
Duergar,Ettercap,32.0,68.0,32.0
Gargoyle,Giant Boar,32.0,68.0,32.0
Ghast,White Dragon Wyrmling,68.0,32.0,32.0
Ghost,Sea Hag,68.0,32.0,32.0
Ghoul,Reef Shark,68.0,32.0,32.0
Ghoul,Spy,68.0,32.0,32.0
Giant Badger,Steam Mephit,68.0,32.0,32.0
Giant Crab,Giant Wolf Spider,68.0,32.0,32.0
Giant Fire Beetle,Stirge,32.0,68.0,32.0
Giant Frog,Goblin,68.0,32.0,32.0
Giant Goat,Lizardfolk,68.0,32.0,32.0
Giant Octopus,Hunter Shark,32.0,68.0,32.0
Giant Rat,Goblin,32.0,68.0,32.0
Giant Rat (Diseased),Goblin,32.0,68.0,32.0
Giant Wasp,Priest,32.0,68.0,32.0
Gnoll,Swarm of Beetles,32.0,68.0,32.0
Gnoll,Swarm of Centipedes,32.0,68.0,32.0
Gnoll,Swarm of Insects,32.0,68.0,32.0
Gnoll,Swarm of Spiders,32.0,68.0,32.0
Gnoll,Swarm of Wasps,32.0,68.0,32.0
Goat,Kobold,32.0,68.0,32.0
Gray Ooze,Scout,32.0,68.0,32.0
Green Dragon Wyrmling,Tiger,68.0,32.0,32.0
Hippogriff,Lizardfolk,68.0,32.0,32.0
Knight,Minotaur Skeleton,32.0,68.0,32.0
Lizard,Owl,68.0,32.0,32.0
Mastiff,Mule,32.0,68.0,32.0
Mastiff,Stirge,68.0,32.0,32.0
Merrow,Will-o'-Wisp,68.0,32.0,32.0
Minotaur Skeleton,Wraith,32.0,68.0,32.0
Noble,Priest,32.0,68.0,32.0
Noble,Scout,32.0,68.0,32.0
Owl,Raven,68.0,32.0,32.0
Owl,Spider,68.0,32.0,32.0
Panther,Priest,32.0,68.0,32.0
Polar Bear,Saber-Toothed Tiger,32.0,68.0,32.0
Raven,Weasel,68.0,32.0,32.0
Sea Hag,Succubus/Incubus,68.0,32.0,32.0
Spider,Weasel,68.0,32.0,32.0
Swarm of Beetles,Warhorse Skeleton,32.0,68.0,32.0
Swarm of Centipedes,Warhorse Skeleton,32.0,68.0,32.0
Swarm of Insects,Warhorse Skeleton,32.0,68.0,32.0
Swarm of Spiders,Warhorse Skeleton,32.0,68.0,32.0
Swarm of Wasps,Warhorse Skeleton,32.0,68.0,32.0
Triceratops,Young Copper Dragon,68.0,32.0,32.0
Adult Green Dragon,Adult White Dragon,68.5,31.5,31.5
Ancient Blue Dragon,Ancient Bronze Dragon,68.5,31.5,31.5
Ancient Brass Dragon,Balor,68.5,31.5,31.5
Animated Armor,Swarm of Quippers,31.5,68.5,31.5
Ankheg,Hunter Shark,31.5,68.5,31.5
Ankheg,Veteran,31.5,68.5,31.5
Ape,Hobgoblin,68.5,31.5,31.5
Archmage,Giant Elk,31.5,68.5,31.5
Assassin,Saber-Toothed Tiger,68.5,31.5,31.5
Awakened Shrub,Vulture,68.5,31.5,31.5
Baboon,Hawk,68.5,31.5,31.5
Baboon,Quipper,68.5,31.5,31.5
Baboon,Weasel,68.5,31.5,31.5
Badger,Goat,31.5,68.5,31.5
Badger,Hawk,68.5,31.5,31.5
Badger,Quipper,68.5,31.5,31.5
Badger,Vulture,31.5,68.5,31.5
Badger,Weasel,68.5,31.5,31.5
Bandit Captain,Polar Bear,68.5,31.5,31.5
Basilisk,Berserker,31.5,68.5,31.5
Black Dragon Wyrmling,Polar Bear,31.5,68.5,31.5
Bone Devil,Clay Golem,31.5,68.5,31.5
Brass Dragon Wyrmling,Death Dog,31.5,68.5,31.5
Brass Dragon Wyrmling,Gnoll,68.5,31.5,31.5
Camel,Goblin,31.5,68.5,31.5
Chimera,"Vampire, Bat Form",31.5,68.5,31.5
Cloaker,Knight,68.5,31.5,31.5
Cloaker,Minotaur Skeleton,31.5,68.5,31.5
Constrictor Snake,Drow,31.5,68.5,31.5
Crab,Owl,68.5,31.5,31.5
Crocodile,Harpy,31.5,68.5,31.5
Crocodile,Satyr,31.5,68.5,31.5
Cult Fanatic,Hippogriff,31.5,68.5,31.5
Darkmantle,Harpy,31.5,68.5,31.5
Deva,"Werebear, Bear Form",31.5,68.5,31.5
Deva,"Werebear, Hybrid Form",31.5,68.5,31.5
Draft Horse,Spy,68.5,31.5,31.5
Drow,Giant Wasp,68.5,31.5,31.5
Drow,Panther,68.5,31.5,31.5
Duergar,Swarm of Beetles,68.5,31.5,31.5
Duergar,Swarm of Centipedes,68.5,31.5,31.5
Duergar,Swarm of Insects,68.5,31.5,31.5
Duergar,Swarm of Spiders,68.5,31.5,31.5
Duergar,Swarm of Wasps,68.5,31.5,31.5
Earth Elemental,Mummy Lord,68.5,31.5,31.5
Ettercap,Ghast,31.5,68.5,31.5
Gargoyle,Green Dragon Wyrmling,31.5,68.5,31.5
Ghast,Mummy,31.5,68.5,31.5
Giant Badger,Ice Mephit,31.5,68.5,31.5
Giant Bat,Thug,31.5,68.5,31.5
Giant Boar,Giant Elk,31.5,68.5,31.5
Giant Boar,Succubus/Incubus,31.5,68.5,31.5
Giant Centipede,Pseudodragon,31.5,68.5,31.5
Giant Constrictor Snake,Gold Dragon Wyrmling,31.5,68.5,31.5
Giant Crocodile,Lich,31.5,68.5,31.5
Giant Goat,Shadow,68.5,31.5,31.5
Giant Lizard,Scout,68.5,31.5,31.5
Giant Octopus,Will-o'-Wisp,68.5,31.5,31.5
Gnoll,Swarm of Bats,68.5,31.5,31.5
Green Dragon Wyrmling,"Werewolf, Hybrid Form",68.5,31.5,31.5
Green Dragon Wyrmling,"Werewolf, Wolf Form",68.5,31.5,31.5
Green Hag,Oni,68.5,31.5,31.5
Harpy,Phase Spider,31.5,68.5,31.5
Hezrou,Young Brass Dragon,68.5,31.5,31.5
Hippogriff,Reef Shark,68.5,31.5,31.5
Hobgoblin,Wolf,68.5,31.5,31.5
Homunculus,Kobold,31.5,68.5,31.5
Hunter Shark,Medusa,31.5,68.5,31.5
Invisible Stalker,Minotaur,31.5,68.5,31.5
Iron Golem,Remorhaz,31.5,68.5,31.5
Jackal,Quipper,68.5,31.5,31.5
Jackal,Weasel,68.5,31.5,31.5
Lich,Roper,31.5,68.5,31.5
Lizard,Scorpion,68.5,31.5,31.5
Lizardfolk,Thug,31.5,68.5,31.5
Magmin,Noble,68.5,31.5,31.5
Mummy Lord,Young Black Dragon,31.5,68.5,31.5
Ochre Jelly,Swarm of Quippers,31.5,68.5,31.5
Octopus,Poisonous Snake,68.5,31.5,31.5
Ogre,Ogre Zombie,31.5,68.5,31.5
Ogre,Pegasus,68.5,31.5,31.5
Orc,Phase Spider,31.5,68.5,31.5
Phase Spider,Warhorse,68.5,31.5,31.5
Pony,Priest,31.5,68.5,31.5
Pony,Scout,31.5,68.5,31.5
Rhinoceros,Veteran,68.5,31.5,31.5
Rhinoceros,"Weretiger, Human Form",31.5,68.5,31.5
Sahuagin,Scout,31.5,68.5,31.5
Swarm of Poisonous Snakes,Swarm of Quippers,31.5,68.5,31.5
Veteran,"Wereboar, Boar Form",31.5,68.5,31.5
Veteran,"Wereboar, Hybrid Form",31.5,68.5,31.5
Young Copper Dragon,Young Green Dragon,31.5,68.5,31.5
Ancient Copper Dragon,Dragon Turtle,31.0,69.0,31.0
Axe Beak,Black Bear,69.0,31.0,31.0
Azer,Swarm of Poisonous Snakes,69.0,31.0,31.0
Baboon,Commoner,31.0,69.0,31.0
Bandit,Ice Mephit,31.0,69.0,31.0
Bandit Captain,Giant Octopus,69.0,31.0,31.0
Barbed Devil,Unicorn,69.0,31.0,31.0
Basilisk,Blue Dragon Wyrmling,31.0,69.0,31.0
Basilisk,Bronze Dragon Wyrmling,69.0,31.0,31.0
Boar,Pseudodragon,69.0,31.0,31.0
Bugbear,Doppelganger,31.0,69.0,31.0
Bugbear,Griffon,31.0,69.0,31.0
Cat,Owl,69.0,31.0,31.0
Cockatrice,Constrictor Snake,69.0,31.0,31.0
Cockatrice,Giant Wasp,69.0,31.0,31.0
Cockatrice,Noble,69.0,31.0,31.0
Cockatrice,Panther,69.0,31.0,31.0
Constrictor Snake,Goblin,69.0,31.0,31.0
Constrictor Snake,Pony,69.0,31.0,31.0
Crab,Giant Fire Beetle,31.0,69.0,31.0
Crab,Scorpion,69.0,31.0,31.0
Cult Fanatic,Reef Shark,31.0,69.0,31.0
Darkmantle,Swarm of Rats,69.0,31.0,31.0
Darkmantle,"Wererat, Human Form",31.0,69.0,31.0
Deer,Giant Centipede,31.0,69.0,31.0
Deer,Poisonous Snake,69.0,31.0,31.0
Deva,Green Hag,69.0,31.0,31.0
Dire Wolf,Giant Elk,31.0,69.0,31.0
Dire Wolf,Succubus/Incubus,31.0,69.0,31.0
Djinni,Triceratops,69.0,31.0,31.0
Dretch,Giant Wasp,31.0,69.0,31.0
Dretch,Panther,31.0,69.0,31.0
Drider,Rhinoceros,31.0,69.0,31.0
Drow,Flying Sword,31.0,69.0,31.0
Drow,Giant Vulture,31.0,69.0,31.0
Duergar,Mage,69.0,31.0,31.0
Ettercap,Phase Spider,69.0,31.0,31.0
Fire Giant,Nalfeshnee,31.0,69.0,31.0
Flying Snake,Stirge,69.0,31.0,31.0
Flying Sword,Hobgoblin,69.0,31.0,31.0
Ghoul,Giant Bat,69.0,31.0,31.0
Ghoul,Lizardfolk,69.0,31.0,31.0
Giant Badger,Giant Wasp,31.0,69.0,31.0
Giant Badger,Panther,31.0,69.0,31.0
Giant Crocodile,Young White Dragon,31.0,69.0,31.0
Giant Eagle,Warhorse Skeleton,31.0,69.0,31.0
Giant Frog,Priest,31.0,69.0,31.0
Giant Goat,Warhorse,31.0,69.0,31.0
Giant Hyena,Saber-Toothed Tiger,31.0,69.0,31.0
Giant Owl,Warhorse,31.0,69.0,31.0
Giant Scorpion,"Werewolf, Hybrid Form",69.0,31.0,31.0
Giant Scorpion,"Werewolf, Wolf Form",69.0,31.0,31.0
Giant Sea Horse,Giant Wolf Spider,69.0,31.0,31.0
Giant Sea Horse,Scout,31.0,69.0,31.0
Giant Spider,Tiger,31.0,69.0,31.0
Giant Wasp,Goblin,69.0,31.0,31.0
Giant Wasp,Pony,69.0,31.0,31.0
Gibbering Mouther,Half-Red Dragon Veteran,31.0,69.0,31.0
Gibbering Mouther,Rhinoceros,69.0,31.0,31.0
Gibbering Mouther,Sea Hag,69.0,31.0,31.0
Gibbering Mouther,"Wereboar, Human Form",69.0,31.0,31.0
Goblin,Gray Ooze,31.0,69.0,31.0
Goblin,Magmin,31.0,69.0,31.0
Goblin,Zombie,31.0,69.0,31.0
Griffon,Rhinoceros,31.0,69.0,31.0
Guardian Naga,Shambling Mound,31.0,69.0,31.0
Ice Devil,Roper,69.0,31.0,31.0
Knight,Vampire Spawn,69.0,31.0,31.0
Kraken,Pit Fiend,31.0,69.0,31.0
Mage,Phase Spider,31.0,69.0,31.0
Merrow,Saber-Toothed Tiger,31.0,69.0,31.0
Mimic,Mummy,31.0,69.0,31.0
Nightmare,Ogre Zombie,69.0,31.0,31.0
Ochre Jelly,Phase Spider,69.0,31.0,31.0
Ochre Jelly,Will-o'-Wisp,31.0,69.0,31.0
Panther,Pony,69.0,31.0,31.0
Pegasus,Sea Hag,69.0,31.0,31.0
Red Dragon Wyrmling,Troll,69.0,31.0,31.0
Silver Dragon Wyrmling,Spirit Naga,31.0,69.0,31.0
Silver Dragon Wyrmling,Succubus/Incubus,69.0,31.0,31.0
Spy,"Wererat, Human Form",31.0,69.0,31.0
Aboleth,Djinni,30.5,69.5,30.5
Acolyte,Eagle,69.5,30.5,30.5
Adult Copper Dragon,Cloud Giant,30.5,69.5,30.5
Adult Green Dragon,Androsphinx,69.5,30.5,30.5
Ancient Brass Dragon,Pit Fiend,30.5,69.5,30.5
Archmage,Dire Wolf,69.5,30.5,30.5
Archmage,Veteran,30.5,69.5,30.5
Assassin,Hunter Shark,69.5,30.5,30.5
Axe Beak,Brass Dragon Wyrmling,30.5,69.5,30.5
Bandit,Mule,69.5,30.5,30.5
Basilisk,Ghost,30.5,69.5,30.5
Basilisk,Rhinoceros,30.5,69.5,30.5
Black Bear,Giant Frog,69.5,30.5,30.5
Black Bear,Swarm of Rats,30.5,69.5,30.5
Blink Dog,Giant Sea Horse,69.5,30.5,30.5
Bronze Dragon Wyrmling,Gargoyle,69.5,30.5,30.5
Bronze Dragon Wyrmling,Tiger,69.5,30.5,30.5
Brown Bear,Ghast,30.5,69.5,30.5
Cat,Lizard,69.5,30.5,30.5
Chimera,Chuul,69.5,30.5,30.5
Chimera,Killer Whale,30.5,69.5,30.5
Clay Golem,Young Green Dragon,30.5,69.5,30.5
Cloaker,Flesh Golem,30.5,69.5,30.5
Cockatrice,Giant Frog,69.5,30.5,30.5
Commoner,Hyena,30.5,69.5,30.5
Constrictor Snake,Giant Weasel,69.5,30.5,30.5
Deep Gnome (Svirfneblin),Satyr,30.5,69.5,30.5
Draft Horse,Flying Sword,69.5,30.5,30.5
Drider,Veteran,69.5,30.5,30.5
Drow,Hippogriff,30.5,69.5,30.5
Dryad,Pony,30.5,69.5,30.5
Flying Sword,Specter,30.5,69.5,30.5
Gargoyle,Wight,69.5,30.5,30.5
Ghost,Rhinoceros,69.5,30.5,30.5
Giant Constrictor Snake,Hunter Shark,69.5,30.5,30.5
Giant Crab,Ice Mephit,69.5,30.5,30.5
Giant Eagle,Swarm of Ravens,69.5,30.5,30.5
Giant Elk,Giant Octopus,69.5,30.5,30.5
Giant Goat,Hobgoblin,69.5,30.5,30.5
Giant Goat,Lion,30.5,69.5,30.5
Giant Goat,Specter,30.5,69.5,30.5
Giant Poisonous Snake,Hippogriff,30.5,69.5,30.5
Giant Poisonous Snake,Magmin,69.5,30.5,30.5
Giant Toad,Specter,69.5,30.5,30.5
Giant Wasp,Giant Weasel,69.5,30.5,30.5
Gibbering Mouther,Nightmare,30.5,69.5,30.5
Grick,Specter,69.5,30.5,30.5
Grick,"Werewolf, Hybrid Form",30.5,69.5,30.5
Grick,"Werewolf, Wolf Form",30.5,69.5,30.5
Half-Red Dragon Veteran,Sea Hag,69.5,30.5,30.5
Hezrou,Hydra,69.5,30.5,30.5
Hill Giant,Triceratops,30.5,69.5,30.5
Hobgoblin,Swarm of Ravens,30.5,69.5,30.5
Horned Devil,Stone Golem,30.5,69.5,30.5
Killer Whale,Water Elemental,69.5,30.5,30.5
Minotaur,"Vampire, Bat Form",30.5,69.5,30.5
Minotaur Skeleton,Wyvern,30.5,69.5,30.5
Plesiosaurus,Salamander,30.5,69.5,30.5
Polar Bear,Veteran,30.5,69.5,30.5
Shadow,Specter,30.5,69.5,30.5
Specter,"Wererat, Human Form",69.5,30.5,30.5
Specter,White Dragon Wyrmling,30.5,69.5,30.5
Specter,Will-o'-Wisp,30.5,69.5,30.5
"Vampire, Vampire Form",Water Elemental,69.5,30.5,30.5
Will-o'-Wisp,Worg,69.5,30.5,30.5
Young Brass Dragon,Young White Dragon,30.5,69.5,30.5
Adult Brass Dragon,Adult White Dragon,30.0,70.0,30.0
Adult Copper Dragon,Tyrannosaurus Rex,70.0,30.0,30.0
Adult Gold Dragon,Balor,30.0,70.0,30.0
Adult Red Dragon,Balor,30.0,70.0,30.0
Air Elemental,Giant Crocodile,30.0,70.0,30.0
Air Elemental,Green Hag,70.0,30.0,30.0
Ancient Brass Dragon,Ancient White Dragon,30.0,70.0,30.0
Ape,Harpy,30.0,70.0,30.0
Archmage,Hell Hound,70.0,30.0,30.0
Bandit,Constrictor Snake,30.0,70.0,30.0
Bandit,Giant Wasp,30.0,70.0,30.0
Bandit,Panther,30.0,70.0,30.0
Basilisk,Merrow,70.0,30.0,30.0
Berserker,Succubus/Incubus,70.0,30.0,30.0
Black Bear,Deep Gnome (Svirfneblin),30.0,70.0,30.0
Black Bear,Giant Vulture,30.0,70.0,30.0
Black Dragon Wyrmling,Worg,70.0,30.0,30.0
Blood Hawk,Giant Wolf Spider,30.0,70.0,30.0
Brass Dragon Wyrmling,Giant Owl,70.0,30.0,30.0
Bugbear,Giant Elk,30.0,70.0,30.0
Bulette,Horned Devil,30.0,70.0,30.0
Cat,Scorpion,70.0,30.0,30.0
Centaur,Ghast,70.0,30.0,30.0
Chain Devil,Salamander,70.0,30.0,30.0
Cockatrice,Cult Fanatic,30.0,70.0,30.0
Cockatrice,Imp,70.0,30.0,30.0
Couatl,Erinyes,30.0,70.0,30.0
Death Dog,Grick,30.0,70.0,30.0
Deer,Sprite,70.0,30.0,30.0
Dire Wolf,Veteran,30.0,70.0,30.0
Doppelganger,Gelatinous Cube,30.0,70.0,30.0
Draft Horse,"Wererat, Hybrid Form",70.0,30.0,30.0
Draft Horse,"Wererat, Rat Form",70.0,30.0,30.0
Dretch,Ice Mephit,30.0,70.0,30.0
Dust Mephit,Pony,70.0,30.0,30.0
Eagle,Lemure,30.0,70.0,30.0
Earth Elemental,Young Copper Dragon,70.0,30.0,30.0
Erinyes,Xorn,70.0,30.0,30.0
Flying Sword,Lion,30.0,70.0,30.0
Gelatinous Cube,"Wereboar, Human Form",30.0,70.0,30.0
Giant Ape,Gorgon,70.0,30.0,30.0
Giant Badger,Violet Fungus,70.0,30.0,30.0
Giant Centipede,Homunculus,70.0,30.0,30.0
Giant Frog,Grimlock,70.0,30.0,30.0
Giant Goat,Giant Vulture,70.0,30.0,30.0
Giant Goat,Satyr,30.0,70.0,30.0
Giant Goat,Swarm of Rats,70.0,30.0,30.0
Giant Hyena,Veteran,30.0,70.0,30.0
Giant Octopus,Swarm of Quippers,70.0,30.0,30.0
Giant Rat,Giant Wolf Spider,30.0,70.0,30.0
Giant Rat (Diseased),Giant Wolf Spider,30.0,70.0,30.0
Giant Sea Horse,Grimlock,70.0,30.0,30.0
Giant Shark,Young Green Dragon,70.0,30.0,30.0
Giant Vulture,Swarm of Beetles,30.0,70.0,30.0
Giant Vulture,Swarm of Centipedes,30.0,70.0,30.0
Giant Vulture,Swarm of Insects,30.0,70.0,30.0
Giant Vulture,Swarm of Spiders,30.0,70.0,30.0
Giant Vulture,Swarm of Wasps,30.0,70.0,30.0
Gibbering Mouther,Manticore,70.0,30.0,30.0
Goblin,Skeleton,30.0,70.0,30.0
Gold Dragon Wyrmling,Silver Dragon Wyrmling,70.0,30.0,30.0
Green Dragon Wyrmling,White Dragon Wyrmling,70.0,30.0,30.0
Green Hag,"Werebear, Human Form",70.0,30.0,30.0
Guardian Naga,"Vampire, Bat Form",70.0,30.0,30.0
Half-Red Dragon Veteran,Unicorn,30.0,70.0,30.0
Hobgoblin,Skeleton,70.0,30.0,30.0
Hobgoblin,Swarm of Beetles,30.0,70.0,30.0
Hobgoblin,Swarm of Centipedes,30.0,70.0,30.0
Hobgoblin,Swarm of Insects,30.0,70.0,30.0
Hobgoblin,Swarm of Spiders,30.0,70.0,30.0
Hobgoblin,Swarm of Wasps,30.0,70.0,30.0
Horned Devil,Tyrannosaurus Rex,30.0,70.0,30.0
Hydra,Night Hag,70.0,30.0,30.0
Ice Devil,Treant,70.0,30.0,30.0
Knight,"Weretiger, Human Form",70.0,30.0,30.0
Lion,Worg,30.0,70.0,30.0
Mammoth,Young Gold Dragon,30.0,70.0,30.0
Mammoth,Young Red Dragon,30.0,70.0,30.0
Nalfeshnee,Planetar,70.0,30.0,30.0
Ochre Jelly,"Werewolf, Hybrid Form",30.0,70.0,30.0
Ochre Jelly,"Werewolf, Wolf Form",30.0,70.0,30.0
Ogre,Rhinoceros,70.0,30.0,30.0
Ogre,Troll,30.0,70.0,30.0
Ogre Zombie,Unicorn,70.0,30.0,30.0
Otyugh,"Vampire, Bat Form",30.0,70.0,30.0
Plesiosaurus,"Weretiger, Hybrid Form",70.0,30.0,30.0
Plesiosaurus,"Weretiger, Tiger Form",70.0,30.0,30.0
Quasit,Wolf,30.0,70.0,30.0
Remorhaz,Storm Giant,70.0,30.0,30.0
Roc,Storm Giant,30.0,70.0,30.0
Sprite,Weasel,70.0,30.0,30.0
Spy,Warhorse,30.0,70.0,30.0
"Vampire, Bat Form","Vampire, Vampire Form",30.0,70.0,30.0
Air Elemental,Otyugh,70.5,29.5,29.5
Ankheg,Black Pudding,70.5,29.5,29.5
Archmage,Mummy,29.5,70.5,29.5
Assassin,Veteran,70.5,29.5,29.5
Assassin,"Weretiger, Human Form",29.5,70.5,29.5
Azer,Basilisk,29.5,70.5,29.5
Bandit,Pseudodragon,70.5,29.5,29.5
Bandit Captain,Dire Wolf,70.5,29.5,29.5
Basilisk,Polar Bear,70.5,29.5,29.5
Bat,Commoner,29.5,70.5,29.5
Bearded Devil,Centaur,29.5,70.5,29.5
Berserker,Knight,29.5,70.5,29.5
Black Bear,Giant Owl,29.5,70.5,29.5
Blink Dog,Crocodile,29.5,70.5,29.5
Blink Dog,Giant Goat,29.5,70.5,29.5
Blood Hawk,Giant Weasel,29.5,70.5,29.5
Blue Dragon Wyrmling,Griffon,70.5,29.5,29.5
Chimera,Oni,70.5,29.5,29.5
Chimera,Wyvern,70.5,29.5,29.5
Clay Golem,Mummy Lord,70.5,29.5,29.5
Cloaker,Unicorn,70.5,29.5,29.5
Constrictor Snake,Swarm of Bats,29.5,70.5,29.5
Copper Dragon Wyrmling,Orc,70.5,29.5,29.5
Crocodile,Drow,70.5,29.5,29.5
Crocodile,Swarm of Rats,70.5,29.5,29.5
Cult Fanatic,Priest,70.5,29.5,29.5
Darkmantle,Giant Vulture,70.5,29.5,29.5
Death Dog,Harpy,70.5,29.5,29.5
Deep Gnome (Svirfneblin),Specter,29.5,70.5,29.5
Draft Horse,Grick,29.5,70.5,29.5
Dretch,Pseudodragon,70.5,29.5,29.5
Drow,Dust Mephit,70.5,29.5,29.5
Drow,Giant Frog,70.5,29.5,29.5
Drow,Giant Goat,29.5,70.5,29.5
Dryad,Mule,70.5,29.5,29.5
Duergar,Satyr,70.5,29.5,29.5
Elephant,Minotaur,70.5,29.5,29.5
Flying Sword,Giant Eagle,29.5,70.5,29.5
Flying Sword,Swarm of Rats,70.5,29.5,29.5
Gargoyle,Hell Hound,29.5,70.5,29.5
Gargoyle,Warhorse Skeleton,70.5,29.5,29.5
Gelatinous Cube,Owlbear,29.5,70.5,29.5
Gelatinous Cube,Vampire Spawn,29.5,70.5,29.5
Ghost,Manticore,70.5,29.5,29.5
Ghoul,Giant Spider,29.5,70.5,29.5
Giant Eagle,Rust Monster,70.5,29.5,29.5
Giant Goat,Mage,29.5,70.5,29.5
Giant Owl,Lion,29.5,70.5,29.5
Giant Owl,Swarm of Bats,70.5,29.5,29.5
Giant Owl,Swarm of Beetles,29.5,70.5,29.5
Giant Owl,Swarm of Centipedes,29.5,70.5,29.5
Giant Owl,Swarm of Insects,29.5,70.5,29.5
Giant Owl,Swarm of Spiders,29.5,70.5,29.5
Giant Owl,Swarm of Wasps,29.5,70.5,29.5
Giant Rat,Giant Weasel,29.5,70.5,29.5
Giant Rat (Diseased),Giant Weasel,29.5,70.5,29.5
Giant Spider,White Dragon Wyrmling,29.5,70.5,29.5
Giant Wasp,Swarm of Bats,29.5,70.5,29.5
Giant Wolf Spider,Sahuagin,29.5,70.5,29.5
Giant Wolf Spider,Wolf,29.5,70.5,29.5
Glabrezu,Young Bronze Dragon,70.5,29.5,29.5
Gladiator,Vrock,70.5,29.5,29.5
Gold Dragon Wyrmling,Vampire Spawn,70.5,29.5,29.5
Gorgon,Marilith,29.5,70.5,29.5
Gray Ooze,Hobgoblin,29.5,70.5,29.5
Griffon,Polar Bear,70.5,29.5,29.5
Guardian Naga,Xorn,70.5,29.5,29.5
Half-Red Dragon Veteran,Saber-Toothed Tiger,70.5,29.5,29.5
Hobgoblin,Spy,29.5,70.5,29.5
Hunter Shark,Knight,29.5,70.5,29.5
Hydra,Young White Dragon,29.5,70.5,29.5
Hyena,Lemure,29.5,70.5,29.5
Killer Whale,Shield Guardian,29.5,70.5,29.5
Kraken,Storm Giant,70.5,29.5,29.5
Lemure,Pseudodragon,29.5,70.5,29.5
Mummy,Pegasus,29.5,70.5,29.5
Panther,Swarm of Bats,29.5,70.5,29.5
Priest,Swarm of Rats,29.5,70.5,29.5
Reef Shark,Satyr,29.5,70.5,29.5
Reef Shark,Specter,29.5,70.5,29.5
Saber-Toothed Tiger,Vampire Spawn,29.5,70.5,29.5
Specter,Swarm of Poisonous Snakes,29.5,70.5,29.5
Stone Golem,Young Silver Dragon,70.5,29.5,29.5
Swarm of Poisonous Snakes,Warhorse Skeleton,70.5,29.5,29.5
Swarm of Rats,Warhorse,29.5,70.5,29.5
Swarm of Rats,Wolf,70.5,29.5,29.5
Troll,"Weretiger, Human Form",70.5,29.5,29.5
Tyrannosaurus Rex,Young Silver Dragon,70.5,29.5,29.5
Water Elemental,Wraith,70.5,29.5,29.5
Wolf,Zombie,70.5,29.5,29.5
Animated Armor,Green Dragon Wyrmling,29.0,71.0,29.0
Ape,Swarm of Beetles,29.0,71.0,29.0
Ape,Swarm of Centipedes,29.0,71.0,29.0
Ape,Swarm of Insects,29.0,71.0,29.0
Ape,Swarm of Spiders,29.0,71.0,29.0
Ape,Swarm of Wasps,29.0,71.0,29.0
Archmage,Giant Boar,71.0,29.0,29.0
Archmage,Swarm of Quippers,71.0,29.0,29.0
Axe Beak,Swarm of Ravens,29.0,71.0,29.0
Axe Beak,Thug,29.0,71.0,29.0
Basilisk,Dire Wolf,71.0,29.0,29.0
Bearded Devil,Polar Bear,29.0,71.0,29.0
Black Bear,Dust Mephit,71.0,29.0,29.0
Blink Dog,Magmin,71.0,29.0,29.0
Blue Dragon Wyrmling,Doppelganger,71.0,29.0,29.0
Blue Dragon Wyrmling,Gelatinous Cube,71.0,29.0,29.0
Blue Dragon Wyrmling,Unicorn,29.0,71.0,29.0
Bronze Dragon Wyrmling,Giant Elk,29.0,71.0,29.0
Brown Bear,Bugbear,29.0,71.0,29.0
Cat,Deer,29.0,71.0,29.0
Chain Devil,Deva,29.0,71.0,29.0
Clay Golem,Giant Crocodile,71.0,29.0,29.0
Copper Dragon Wyrmling,Ettercap,29.0,71.0,29.0
Couatl,"Werebear, Bear Form",29.0,71.0,29.0
Couatl,"Werebear, Hybrid Form",29.0,71.0,29.0
Crocodile,Swarm of Bats,71.0,29.0,29.0
Cult Fanatic,Orc,29.0,71.0,29.0
Cultist,Pony,29.0,71.0,29.0
Darkmantle,Lion,29.0,71.0,29.0
Darkmantle,Satyr,29.0,71.0,29.0
Death Dog,Orc,71.0,29.0,29.0
Deva,Wraith,71.0,29.0,29.0
Draft Horse,Giant Owl,71.0,29.0,29.0
Dretch,Violet Fungus,71.0,29.0,29.0
Drow,Gray Ooze,71.0,29.0,29.0
Drow,Zombie,71.0,29.0,29.0
Dryad,Grimlock,29.0,71.0,29.0
Dryad,Imp,29.0,71.0,29.0
Duergar,Harpy,71.0,29.0,29.0
Duergar,Tiger,29.0,71.0,29.0
Dust Mephit,Ice Mephit,71.0,29.0,29.0
Eagle,Vulture,71.0,29.0,29.0
Elephant,Wraith,71.0,29.0,29.0
Elk,Swarm of Rats,29.0,71.0,29.0
Ettercap,Giant Spider,71.0,29.0,29.0
Ettin,Green Hag,29.0,71.0,29.0
Flying Sword,Riding Horse,71.0,29.0,29.0
Gargoyle,Mimic,29.0,71.0,29.0
Ghast,Swarm of Poisonous Snakes,71.0,29.0,29.0
Giant Centipede,Mule,29.0,71.0,29.0
Giant Eagle,Giant Toad,29.0,71.0,29.0
Giant Elk,Medusa,29.0,71.0,29.0
Giant Elk,Ogre,29.0,71.0,29.0
Giant Goat,Harpy,29.0,71.0,29.0
Giant Hyena,Hunter Shark,29.0,71.0,29.0
Giant Octopus,Sea Hag,29.0,71.0,29.0
Giant Poisonous Snake,Rust Monster,29.0,71.0,29.0
Giant Spider,Satyr,71.0,29.0,29.0
Giant Spider,Swarm of Beetles,71.0,29.0,29.0
Giant Spider,Swarm of Centipedes,71.0,29.0,29.0
Giant Spider,Swarm of Insects,71.0,29.0,29.0
Giant Spider,Swarm of Poisonous Snakes,29.0,71.0,29.0
Giant Spider,Swarm of Spiders,71.0,29.0,29.0
Giant Spider,Swarm of Wasps,71.0,29.0,29.0
Giant Weasel,Scout,29.0,71.0,29.0
Gibbering Mouther,Gold Dragon Wyrmling,29.0,71.0,29.0
Gibbering Mouther,Succubus/Incubus,71.0,29.0,29.0
Gold Dragon Wyrmling,Ogre,71.0,29.0,29.0
Gray Ooze,Priest,29.0,71.0,29.0
Green Dragon Wyrmling,Mummy,29.0,71.0,29.0
Green Dragon Wyrmling,Swarm of Poisonous Snakes,71.0,29.0,29.0
Green Hag,"Werebear, Bear Form",29.0,71.0,29.0
Green Hag,"Werebear, Hybrid Form",29.0,71.0,29.0
Hell Hound,Saber-Toothed Tiger,29.0,71.0,29.0
Hill Giant,Young White Dragon,29.0,71.0,29.0
Hobgoblin,Orc,29.0,71.0,29.0
Horned Devil,Marilith,71.0,29.0,29.0
Mage,Orc,71.0,29.0,29.0
Manticore,"Wereboar, Boar Form",29.0,71.0,29.0
Manticore,"Wereboar, Hybrid Form",29.0,71.0,29.0
Mastiff,Pseudodragon,29.0,71.0,29.0
Otyugh,Wyvern,71.0,29.0,29.0
Phase Spider,Swarm of Beetles,71.0,29.0,29.0
Phase Spider,Swarm of Centipedes,71.0,29.0,29.0
Phase Spider,Swarm of Insects,71.0,29.0,29.0
Phase Spider,Swarm of Spiders,71.0,29.0,29.0
Phase Spider,Swarm of Wasps,71.0,29.0,29.0
Phase Spider,Tiger,29.0,71.0,29.0
Red Dragon Wyrmling,Vrock,29.0,71.0,29.0
Rhinoceros,Saber-Toothed Tiger,71.0,29.0,29.0
Swarm of Bats,Wolf,71.0,29.0,29.0
Unicorn,"Weretiger, Human Form",71.0,29.0,29.0
"Vampire, Vampire Form",Young Brass Dragon,29.0,71.0,29.0
Warhorse,White Dragon Wyrmling,29.0,71.0,29.0
Young Green Dragon,Young White Dragon,71.0,29.0,29.0
Ankheg,Sea Hag,28.5,71.5,28.5
Awakened Tree,Unicorn,71.5,28.5,28.5
Barbed Devil,Minotaur Skeleton,28.5,71.5,28.5
Behir,Young Gold Dragon,71.5,28.5,28.5
Behir,Young Red Dragon,71.5,28.5,28.5
Black Bear,Gnoll,28.5,71.5,28.5
Blink Dog,Elk,71.5,28.5,28.5
Blink Dog,Reef Shark,28.5,71.5,28.5
Blue Dragon Wyrmling,Knight,28.5,71.5,28.5
Brass Dragon Wyrmling,Warhorse Skeleton,28.5,71.5,28.5
Bronze Dragon Wyrmling,Saber-Toothed Tiger,28.5,71.5,28.5
Bronze Dragon Wyrmling,"Werewolf, Hybrid Form",71.5,28.5,28.5
Bronze Dragon Wyrmling,"Werewolf, Wolf Form",71.5,28.5,28.5
Bulette,Young Green Dragon,71.5,28.5,28.5
Chain Devil,Ettin,71.5,28.5,28.5
Chain Devil,Lamia,71.5,28.5,28.5
Chimera,Water Elemental,28.5,71.5,28.5
Cloaker,Fire Elemental,28.5,71.5,28.5
Copper Dragon Wyrmling,Swarm of Poisonous Snakes,28.5,71.5,28.5
Crocodile,Scout,71.5,28.5,28.5
Darkmantle,Giant Lizard,71.5,28.5,28.5
Death Dog,"Wererat, Human Form",71.5,28.5,28.5
Death Dog,Worg,28.5,71.5,28.5
Deep Gnome (Svirfneblin),Drow,71.5,28.5,28.5
Deep Gnome (Svirfneblin),Harpy,28.5,71.5,28.5
Djinni,Treant,28.5,71.5,28.5
Doppelganger,Swarm of Quippers,71.5,28.5,28.5
Dryad,Giant Rat,71.5,28.5,28.5
Dryad,Giant Rat (Diseased),71.5,28.5,28.5
Efreeti,Giant Ape,71.5,28.5,28.5
Elk,Magma Mephit,71.5,28.5,28.5
Fire Elemental,Oni,28.5,71.5,28.5
Flesh Golem,Vrock,28.5,71.5,28.5
Flying Snake,Homunculus,71.5,28.5,28.5
Frost Giant,Marilith,71.5,28.5,28.5
Frost Giant,Young Blue Dragon,71.5,28.5,28.5
Gargoyle,Worg,71.5,28.5,28.5
Ghost,Hunter Shark,71.5,28.5,28.5
Ghost,Succubus/Incubus,71.5,28.5,28.5
Giant Constrictor Snake,Sea Hag,71.5,28.5,28.5
Giant Owl,Specter,28.5,71.5,28.5
Giant Owl,Swarm of Rats,71.5,28.5,28.5
Giant Poisonous Snake,Orc,28.5,71.5,28.5
Giant Scorpion,Tiger,71.5,28.5,28.5
Goblin,Steam Mephit,71.5,28.5,28.5
Gold Dragon Wyrmling,"Weretiger, Human Form",71.5,28.5,28.5
Harpy,Warhorse Skeleton,28.5,71.5,28.5
Hawk,Vulture,28.5,71.5,28.5
Hobgoblin,Priest,71.5,28.5,28.5
Hobgoblin,Rust Monster,28.5,71.5,28.5
Hunter Shark,"Weretiger, Human Form",28.5,71.5,28.5
Hydra,Lich,28.5,71.5,28.5
Invisible Stalker,Rakshasa,28.5,71.5,28.5
Lamia,Otyugh,28.5,71.5,28.5
Lion,Orc,71.5,28.5,28.5
Lion,Rust Monster,71.5,28.5,28.5
Mage,Swarm of Ravens,71.5,28.5,28.5
Medusa,Unicorn,28.5,71.5,28.5
Minotaur,"Werebear, Human Form",71.5,28.5,28.5
Otyugh,Water Elemental,28.5,71.5,28.5
Owlbear,Pegasus,71.5,28.5,28.5
Pegasus,Veteran,71.5,28.5,28.5
Quipper,Vulture,28.5,71.5,28.5
Red Dragon Wyrmling,Wraith,28.5,71.5,28.5
Shambling Mound,Triceratops,28.5,71.5,28.5
Swarm of Beetles,Swarm of Ravens,71.5,28.5,28.5
Swarm of Beetles,Worg,28.5,71.5,28.5
Swarm of Centipedes,Swarm of Ravens,71.5,28.5,28.5
Swarm of Centipedes,Worg,28.5,71.5,28.5
Swarm of Insects,Swarm of Ravens,71.5,28.5,28.5
Swarm of Insects,Worg,28.5,71.5,28.5
Swarm of Poisonous Snakes,Wight,71.5,28.5,28.5
Swarm of Quippers,White Dragon Wyrmling,71.5,28.5,28.5
Swarm of Spiders,Worg,28.5,71.5,28.5
Swarm of Wasps,Worg,28.5,71.5,28.5
Triceratops,Young Bronze Dragon,28.5,71.5,28.5
Troll,Unicorn,71.5,28.5,28.5
"Wereboar, Boar Form","Wereboar, Human Form",71.5,28.5,28.5
"Werewolf, Hybrid Form",Worg,71.5,28.5,28.5
"Werewolf, Wolf Form",Worg,71.5,28.5,28.5
Wight,Will-o'-Wisp,28.5,71.5,28.5
Young Black Dragon,Young Copper Dragon,71.5,28.5,28.5
Adult Black Dragon,Fire Giant,28.0,72.0,28.0
Adult Green Dragon,Behir,72.0,28.0,28.0
Air Elemental,Chimera,72.0,28.0,28.0
Animated Armor,Phase Spider,72.0,28.0,28.0
Ankheg,Black Dragon Wyrmling,72.0,28.0,28.0
Ankheg,Manticore,28.0,72.0,28.0
Ape,Blink Dog,72.0,28.0,28.0
Ape,Drow,72.0,28.0,28.0
Assassin,Gelatinous Cube,72.0,28.0,28.0
Assassin,Giant Elk,72.0,28.0,28.0
Assassin,Sea Hag,72.0,28.0,28.0
Axe Beak,Priest,72.0,28.0,28.0
Baboon,Raven,72.0,28.0,28.0
Baboon,Spider,72.0,28.0,28.0
Baboon,Stirge,28.0,72.0,28.0
Badger,Crab,72.0,28.0,28.0
Bandit Captain,Merrow,72.0,28.0,28.0
Basilisk,Giant Hyena,72.0,28.0,28.0
Basilisk,Will-o'-Wisp,72.0,28.0,28.0
Bat,Goat,28.0,72.0,28.0
Bat,Rat,72.0,28.0,28.0
Black Dragon Wyrmling,Warhorse Skeleton,72.0,28.0,28.0
Black Pudding,Doppelganger,28.0,72.0,28.0
Blink Dog,Cockatrice,72.0,28.0,28.0
Bronze Dragon Wyrmling,Gibbering Mouther,28.0,72.0,28.0
Bronze Dragon Wyrmling,Mummy,28.0,72.0,28.0
Bronze Dragon Wyrmling,White Dragon Wyrmling,72.0,28.0,28.0
Brown Bear,Gargoyle,28.0,72.0,28.0
Cat,Goat,28.0,72.0,28.0
Centaur,Veteran,28.0,72.0,28.0
Crocodile,Warhorse,28.0,72.0,28.0
Cult Fanatic,Ghoul,28.0,72.0,28.0
Cult Fanatic,Giant Goat,28.0,72.0,28.0
Cult Fanatic,Spy,28.0,72.0,28.0
Deep Gnome (Svirfneblin),Warhorse,28.0,72.0,28.0
Deer,Flying Snake,28.0,72.0,28.0
Doppelganger,Will-o'-Wisp,72.0,28.0,28.0
Dretch,Steam Mephit,72.0,28.0,28.0
Drider,Gibbering Mouther,72.0,28.0,28.0
Drider,Griffon,72.0,28.0,28.0
Drow,Ghoul,28.0,72.0,28.0
Elephant,Mummy Lord,28.0,72.0,28.0
Erinyes,Giant Crocodile,28.0,72.0,28.0
Flying Sword,Satyr,28.0,72.0,28.0
Gelatinous Cube,Green Dragon Wyrmling,72.0,28.0,28.0
Gelatinous Cube,Ogre,28.0,72.0,28.0
Ghoul,Giant Owl,72.0,28.0,28.0
Giant Boar,"Werewolf, Hybrid Form",72.0,28.0,28.0
Giant Boar,"Werewolf, Wolf Form",72.0,28.0,28.0
Giant Crab,Scout,28.0,72.0,28.0
Giant Elk,Vampire Spawn,28.0,72.0,28.0
Giant Goat,Giant Lizard,72.0,28.0,28.0
Giant Owl,Harpy,28.0,72.0,28.0
Giant Scorpion,Swarm of Poisonous Snakes,72.0,28.0,28.0
Giant Spider,Will-o'-Wisp,28.0,72.0,28.0
Giant Toad,Satyr,72.0,28.0,28.0
Giant Weasel,Priest,28.0,72.0,28.0
Giant Weasel,Riding Horse,28.0,72.0,28.0
Giant Wolf Spider,Gray Ooze,28.0,72.0,28.0
Giant Wolf Spider,Zombie,28.0,72.0,28.0
Goblin,Hobgoblin,28.0,72.0,28.0
Gray Ooze,Grimlock,72.0,28.0,28.0
Grimlock,Priest,28.0,72.0,28.0
Hydra,Young Black Dragon,28.0,72.0,28.0
Jackal,Raven,72.0,28.0,28.0
Jackal,Spider,72.0,28.0,28.0
Jackal,Stirge,28.0,72.0,28.0
Killer Whale,Mummy Lord,28.0,72.0,28.0
Knight,Pegasus,72.0,28.0,28.0
Kobold,Stirge,72.0,28.0,28.0
Mage,Rust Monster,72.0,28.0,28.0
Manticore,Ogre,28.0,72.0,28.0
Noble,Quasit,72.0,28.0,28.0
Ogre Zombie,Spirit Naga,72.0,28.0,28.0
Riding Horse,Skeleton,72.0,28.0,28.0
Riding Horse,Swarm of Ravens,28.0,72.0,28.0
Swarm of Quippers,"Werewolf, Hybrid Form",72.0,28.0,28.0
Swarm of Quippers,"Werewolf, Wolf Form",72.0,28.0,28.0
Swarm of Rats,Swarm of Spiders,28.0,72.0,28.0
Swarm of Rats,Swarm of Wasps,28.0,72.0,28.0
Swarm of Rats,"Wererat, Human Form",28.0,72.0,28.0
Swarm of Ravens,Warhorse Skeleton,28.0,72.0,28.0
Unicorn,"Weretiger, Hybrid Form",28.0,72.0,28.0
Unicorn,"Weretiger, Tiger Form",28.0,72.0,28.0
Wyvern,Xorn,28.0,72.0,28.0
Adult Black Dragon,Adult Copper Dragon,72.5,27.5,27.5
Archmage,Saber-Toothed Tiger,27.5,72.5,27.5
Assassin,Spirit Naga,27.5,72.5,27.5
Awakened Tree,Spirit Naga,72.5,27.5,27.5
Badger,Raven,72.5,27.5,27.5
Badger,Spider,72.5,27.5,27.5
Bandit,Magma Mephit,27.5,72.5,27.5
Bandit,Wolf,27.5,72.5,27.5
Bandit Captain,Silver Dragon Wyrmling,27.5,72.5,27.5
Basilisk,Bugbear,72.5,27.5,27.5
Basilisk,Green Dragon Wyrmling,72.5,27.5,27.5
Basilisk,Mimic,72.5,27.5,27.5
Berserker,Giant Elk,72.5,27.5,27.5
Black Bear,Shadow,27.5,72.5,27.5
Blood Hawk,Dretch,27.5,72.5,27.5
Blue Dragon Wyrmling,"Weretiger, Human Form",27.5,72.5,27.5
Bone Devil,Triceratops,27.5,72.5,27.5
Bugbear,Gibbering Mouther,27.5,72.5,27.5
Centaur,Manticore,27.5,72.5,27.5
Chimera,Salamander,72.5,27.5,27.5
Clay Golem,Djinni,27.5,72.5,27.5
Commoner,Homunculus,27.5,72.5,27.5
Constrictor Snake,Giant Wolf Spider,72.5,27.5,27.5
Couatl,Minotaur,72.5,27.5,27.5
Cultist,Imp,27.5,72.5,27.5
Darkmantle,Warhorse,27.5,72.5,27.5
Draft Horse,Reef Shark,72.5,27.5,27.5
Drow,Giant Bat,27.5,72.5,27.5
Drow,Lizardfolk,27.5,72.5,27.5
Duergar,White Dragon Wyrmling,27.5,72.5,27.5
Eagle,Sprite,72.5,27.5,27.5
Earth Elemental,Giant Shark,27.5,72.5,27.5
Efreeti,Stone Giant,72.5,27.5,27.5
Ettin,Minotaur Skeleton,72.5,27.5,27.5
Flesh Golem,Salamander,27.5,72.5,27.5
Flesh Golem,"Weretiger, Hybrid Form",72.5,27.5,27.5
Flesh Golem,"Weretiger, Tiger Form",72.5,27.5,27.5
Flying Snake,Giant Rat,27.5,72.5,27.5
Flying Snake,Giant Rat (Diseased),27.5,72.5,27.5
Flying Sword,Scout,72.5,27.5,27.5
Frost Giant,Ice Devil,72.5,27.5,27.5
Gargoyle,Grick,72.5,27.5,27.5
Ghast,Griffon,27.5,72.5,27.5
Ghoul,Shadow,72.5,27.5,27.5
Giant Ape,Horned Devil,27.5,72.5,27.5
Giant Boar,Saber-Toothed Tiger,27.5,72.5,27.5
Giant Crocodile,Young Black Dragon,27.5,72.5,27.5
Giant Octopus,Giant Scorpion,72.5,27.5,27.5
Giant Poisonous Snake,Giant Sea Horse,72.5,27.5,27.5
Giant Poisonous Snake,Spy,27.5,72.5,27.5
Giant Vulture,"Wererat, Human Form",27.5,72.5,27.5
Giant Wasp,Giant Wolf Spider,72.5,27.5,27.5
Gibbering Mouther,Hunter Shark,72.5,27.5,27.5
Gladiator,Lamia,72.5,27.5,27.5
Green Hag,Salamander,72.5,27.5,27.5
Griffon,Swarm of Quippers,72.5,27.5,27.5
Hunter Shark,Unicorn,27.5,72.5,27.5
Invisible Stalker,Plesiosaurus,72.5,27.5,27.5
Knight,Red Dragon Wyrmling,27.5,72.5,27.5
Knight,Rhinoceros,72.5,27.5,27.5
Lamia,Minotaur Skeleton,72.5,27.5,27.5
Lion,Swarm of Ravens,72.5,27.5,27.5
Magma Mephit,Riding Horse,27.5,72.5,27.5
Ogre Zombie,Red Dragon Wyrmling,27.5,72.5,27.5
Phase Spider,Satyr,72.5,27.5,27.5
Phase Spider,Will-o'-Wisp,27.5,72.5,27.5
Polar Bear,Will-o'-Wisp,72.5,27.5,27.5
Satyr,Swarm of Ravens,72.5,27.5,27.5
Scout,Wolf,72.5,27.5,27.5
Shambling Mound,"Werebear, Bear Form",72.5,27.5,27.5
Shambling Mound,"Werebear, Hybrid Form",72.5,27.5,27.5
Adult Brass Dragon,Androsphinx,27.0,73.0,27.0
Adult White Dragon,Stone Golem,73.0,27.0,27.0
Androsphinx,Stone Golem,73.0,27.0,27.0
Archmage,Bronze Dragon Wyrmling,73.0,27.0,27.0
Awakened Tree,Invisible Stalker,27.0,73.0,27.0
Axe Beak,Wolf,73.0,27.0,27.0
Bearded Devil,Giant Octopus,27.0,73.0,27.0
Bearded Devil,Warhorse Skeleton,73.0,27.0,27.0
Black Dragon Wyrmling,Giant Octopus,27.0,73.0,27.0
Black Pudding,Gargoyle,73.0,27.0,27.0
Blink Dog,Flying Sword,27.0,73.0,27.0
Bone Devil,"Vampire, Vampire Form",73.0,27.0,27.0
Brass Dragon Wyrmling,Brown Bear,27.0,73.0,27.0
Brass Dragon Wyrmling,Giant Lizard,73.0,27.0,27.0
Brown Bear,Green Dragon Wyrmling,27.0,73.0,27.0
Brown Bear,"Werewolf, Hybrid Form",27.0,73.0,27.0
Brown Bear,"Werewolf, Wolf Form",27.0,73.0,27.0
Bugbear,Ettercap,73.0,27.0,27.0
Bulette,Giant Shark,73.0,27.0,27.0
Clay Golem,Shield Guardian,73.0,27.0,27.0
Crab,Deer,27.0,73.0,27.0
Crocodile,Giant Lizard,73.0,27.0,27.0
Cult Fanatic,Swarm of Ravens,27.0,73.0,27.0
Darkmantle,Giant Eagle,27.0,73.0,27.0
Darkmantle,Hobgoblin,73.0,27.0,27.0
Deep Gnome (Svirfneblin),Riding Horse,73.0,27.0,27.0
Deva,Guardian Naga,27.0,73.0,27.0
Dire Wolf,Saber-Toothed Tiger,27.0,73.0,27.0
Doppelganger,Ghost,27.0,73.0,27.0
Doppelganger,Giant Boar,73.0,27.0,27.0
Doppelganger,Green Dragon Wyrmling,73.0,27.0,27.0
Draft Horse,Giant Goat,73.0,27.0,27.0
Duergar,"Wererat, Human Form",73.0,27.0,27.0
Earth Elemental,Hydra,73.0,27.0,27.0
Elk,Noble,73.0,27.0,27.0
Erinyes,Hill Giant,27.0,73.0,27.0
Erinyes,Shambling Mound,27.0,73.0,27.0
Ettin,Otyugh,27.0,73.0,27.0
Fire Elemental,Nightmare,73.0,27.0,27.0
Fire Elemental,Salamander,27.0,73.0,27.0
Fire Elemental,Vrock,27.0,73.0,27.0
Flying Sword,Warhorse,27.0,73.0,27.0
Ghost,Nightmare,27.0,73.0,27.0
Giant Bat,Swarm of Bats,73.0,27.0,27.0
Giant Constrictor Snake,Giant Elk,73.0,27.0,27.0
Giant Constrictor Snake,Veteran,73.0,27.0,27.0
Giant Hyena,Manticore,27.0,73.0,27.0
Giant Poisonous Snake,"Wererat, Hybrid Form",27.0,73.0,27.0
Giant Poisonous Snake,"Wererat, Rat Form",27.0,73.0,27.0
Gnoll,Scout,73.0,27.0,27.0
Goat,Octopus,73.0,27.0,27.0
Gold Dragon Wyrmling,Half-Red Dragon Veteran,73.0,27.0,27.0
Gorgon,Young Green Dragon,73.0,27.0,27.0
Green Hag,Wyvern,73.0,27.0,27.0
Grick,Will-o'-Wisp,27.0,73.0,27.0
Grimlock,Scout,27.0,73.0,27.0
Half-Red Dragon Veteran,Ogre Zombie,27.0,73.0,27.0
Harpy,Thug,73.0,27.0,27.0
Hawk,Hyena,27.0,73.0,27.0
Hobgoblin,Panther,73.0,27.0,27.0
Hobgoblin,"Wererat, Hybrid Form",27.0,73.0,27.0
Hobgoblin,"Wererat, Rat Form",27.0,73.0,27.0
Hunter Shark,Mummy,73.0,27.0,27.0
Hydra,Shambling Mound,73.0,27.0,27.0
Lizard,Rat,73.0,27.0,27.0
Lizardfolk,Swarm of Bats,73.0,27.0,27.0
Mastiff,Violet Fungus,27.0,73.0,27.0
Merrow,Sea Hag,27.0,73.0,27.0
Rakshasa,Vrock,73.0,27.0,27.0
Satyr,Worg,27.0,73.0,27.0
Spirit Naga,"Wereboar, Boar Form",73.0,27.0,27.0
Spirit Naga,"Wereboar, Hybrid Form",73.0,27.0,27.0
Spy,Swarm of Rats,73.0,27.0,27.0
Succubus/Incubus,"Wereboar, Human Form",27.0,73.0,27.0
Swarm of Bats,"Wererat, Hybrid Form",27.0,73.0,27.0
Swarm of Bats,"Wererat, Rat Form",27.0,73.0,27.0
Swarm of Quippers,Veteran,27.0,73.0,27.0
Triceratops,Young Brass Dragon,73.0,27.0,27.0
Ancient Black Dragon,Ancient Copper Dragon,73.5,26.5,26.5
Animated Armor,Giant Boar,26.5,73.5,26.5
Animated Armor,Mimic,26.5,73.5,26.5
Ape,Axe Beak,73.5,26.5,26.5
Ape,Cult Fanatic,73.5,26.5,26.5
Ape,Swarm of Bats,73.5,26.5,26.5
Archmage,Bugbear,73.5,26.5,26.5
Azer,Warhorse Skeleton,73.5,26.5,26.5
Basilisk,Swarm of Quippers,73.5,26.5,26.5
Black Bear,Crocodile,26.5,73.5,26.5
Black Bear,Flying Sword,26.5,73.5,26.5
Black Bear,Giant Bat,26.5,73.5,26.5
Black Bear,Lizardfolk,26.5,73.5,26.5
Black Bear,Sahuagin,73.5,26.5,26.5
Boar,Magmin,26.5,73.5,26.5
Bone Devil,Earth Elemental,26.5,73.5,26.5
Bronze Dragon Wyrmling,Hunter Shark,26.5,73.5,26.5
Brown Bear,Swarm of Quippers,26.5,73.5,26.5
Bugbear,Succubus/Incubus,26.5,73.5,26.5
Bulette,Djinni,73.5,26.5,26.5
Chain Devil,"Vampire, Bat Form",26.5,73.5,26.5
Chimera,Lamia,73.5,26.5,26.5
Chuul,Couatl,26.5,73.5,26.5
Chuul,Killer Whale,26.5,73.5,26.5
Clay Golem,Shambling Mound,73.5,26.5,26.5
Cloaker,Spirit Naga,73.5,26.5,26.5
Constrictor Snake,Cult Fanatic,26.5,73.5,26.5
Constrictor Snake,Giant Lizard,26.5,73.5,26.5
Constrictor Snake,Grimlock,73.5,26.5,26.5
Crocodile,Cult Fanatic,73.5,26.5,26.5
Crocodile,Mage,26.5,73.5,26.5
Darkmantle,Specter,26.5,73.5,26.5
Death Dog,Giant Toad,26.5,73.5,26.5
Dire Wolf,Hunter Shark,26.5,73.5,26.5
Dire Wolf,Manticore,26.5,73.5,26.5
Djinni,Lich,73.5,26.5,26.5
Djinni,Young White Dragon,73.5,26.5,26.5
Doppelganger,Rhinoceros,26.5,73.5,26.5
Dretch,Giant Frog,26.5,73.5,26.5
Drider,Gelatinous Cube,73.5,26.5,26.5
Drider,Vampire Spawn,26.5,73.5,26.5
Drow,Gnoll,26.5,73.5,26.5
Dryad,Noble,26.5,73.5,26.5
Ettercap,Gargoyle,26.5,73.5,26.5
Gelatinous Cube,Will-o'-Wisp,73.5,26.5,26.5
Ghast,Tiger,73.5,26.5,26.5
Giant Badger,Mule,73.5,26.5,26.5
Giant Bat,Giant Poisonous Snake,73.5,26.5,26.5
Giant Boar,Mummy,26.5,73.5,26.5
Giant Centipede,Hyena,73.5,26.5,26.5
Giant Constrictor Snake,Troll,26.5,73.5,26.5
Giant Elk,Knight,26.5,73.5,26.5
Giant Lizard,Swarm of Beetles,26.5,73.5,26.5
Giant Lizard,Swarm of Centipedes,26.5,73.5,26.5
Giant Lizard,Swarm of Insects,26.5,73.5,26.5
Giant Lizard,Swarm of Spiders,26.5,73.5,26.5
Giant Lizard,Swarm of Wasps,26.5,73.5,26.5
Giant Owl,Mage,26.5,73.5,26.5
Giant Sea Horse,Swarm of Bats,26.5,73.5,26.5
Giant Wasp,Grimlock,73.5,26.5,26.5
Guardian Naga,Hill Giant,26.5,73.5,26.5
Half-Red Dragon Veteran,Spirit Naga,26.5,73.5,26.5
Half-Red Dragon Veteran,Veteran,73.5,26.5,26.5
Half-Red Dragon Veteran,Winter Wolf,26.5,73.5,26.5
Hawk,Quipper,73.5,26.5,26.5
Hawk,Weasel,73.5,26.5,26.5
Hell Hound,"Werewolf, Hybrid Form",73.5,26.5,26.5
Hell Hound,"Werewolf, Wolf Form",73.5,26.5,26.5
Hill Giant,Lich,26.5,73.5,26.5
Horned Devil,Mammoth,73.5,26.5,26.5
Ice Devil,Young Bronze Dragon,73.5,26.5,26.5
Invisible Stalker,Red Dragon Wyrmling,73.5,26.5,26.5
Knight,"Wereboar, Boar Form",73.5,26.5,26.5
Knight,"Wereboar, Hybrid Form",73.5,26.5,26.5
Kobold,Steam Mephit,26.5,73.5,26.5
Lamia,Red Dragon Wyrmling,73.5,26.5,26.5
Lich,Young Copper Dragon,73.5,26.5,26.5
Lion,Thug,73.5,26.5,26.5
Magma Mephit,Scout,26.5,73.5,26.5
Minotaur,Water Elemental,26.5,73.5,26.5
Otyugh,Salamander,73.5,26.5,26.5
Priest,Sahuagin,73.5,26.5,26.5
Quipper,Weasel,73.5,26.5,26.5
Raven,Spider,73.5,26.5,26.5
Roper,Young Green Dragon,73.5,26.5,26.5
Satyr,Spy,73.5,26.5,26.5
Satyr,Warhorse Skeleton,26.5,73.5,26.5
Silver Dragon Wyrmling,Winter Wolf,26.5,73.5,26.5
Specter,Tiger,26.5,73.5,26.5
Swarm of Beetles,"Wererat, Hybrid Form",73.5,26.5,26.5
Swarm of Beetles,"Wererat, Rat Form",73.5,26.5,26.5
Swarm of Centipedes,"Wererat, Hybrid Form",73.5,26.5,26.5
Swarm of Centipedes,"Wererat, Rat Form",73.5,26.5,26.5
Swarm of Insects,"Wererat, Hybrid Form",73.5,26.5,26.5
Swarm of Insects,"Wererat, Rat Form",73.5,26.5,26.5
Swarm of Spiders,"Wererat, Hybrid Form",73.5,26.5,26.5
Swarm of Spiders,"Wererat, Rat Form",73.5,26.5,26.5
Swarm of Wasps,"Wererat, Hybrid Form",73.5,26.5,26.5
Swarm of Wasps,"Wererat, Rat Form",73.5,26.5,26.5
Aboleth,Giant Crocodile,74.0,26.0,26.0
Aboleth,Hydra,74.0,26.0,26.0
Animated Armor,Bronze Dragon Wyrmling,26.0,74.0,26.0
Animated Armor,Copper Dragon Wyrmling,74.0,26.0,26.0
Animated Armor,Dire Wolf,26.0,74.0,26.0
Ankheg,Gibbering Mouther,26.0,74.0,26.0
Ape,Satyr,26.0,74.0,26.0
Badger,Lizard,74.0,26.0,26.0
Bandit Captain,Berserker,26.0,74.0,26.0
Bandit Captain,"Wereboar, Human Form",26.0,74.0,26.0
Barbed Devil,Fire Elemental,26.0,74.0,26.0
Black Bear,Noble,74.0,26.0,26.0
Blink Dog,Constrictor Snake,74.0,26.0,26.0
Blink Dog,Giant Wasp,74.0,26.0,26.0
Blink Dog,Panther,74.0,26.0,26.0
Bone Devil,"Werebear, Bear Form",74.0,26.0,26.0
Bone Devil,"Werebear, Hybrid Form",74.0,26.0,26.0
Bugbear,Saber-Toothed Tiger,26.0,74.0,26.0
Chain Devil,Vrock,74.0,26.0,26.0
Clay Golem,Giant Shark,26.0,74.0,26.0
Cockatrice,Gray Ooze,74.0,26.0,26.0
Cockatrice,Magma Mephit,74.0,26.0,26.0
Cockatrice,Pony,74.0,26.0,26.0
Cockatrice,Swarm of Rats,26.0,74.0,26.0
Cockatrice,Zombie,74.0,26.0,26.0
Constrictor Snake,Dretch,74.0,26.0,26.0
Crocodile,Specter,26.0,74.0,26.0
Deva,Minotaur,74.0,26.0,26.0
Draft Horse,Giant Bat,74.0,26.0,26.0
Draft Horse,Lizardfolk,74.0,26.0,26.0
Dust Mephit,Giant Lizard,26.0,74.0,26.0
Eagle,Giant Fire Beetle,74.0,26.0,26.0
Efreeti,Young Silver Dragon,26.0,74.0,26.0
Frost Giant,Roper,74.0,26.0,26.0
Ghost,Winter Wolf,26.0,74.0,26.0
Giant Badger,Giant Frog,26.0,74.0,26.0
Giant Badger,Magma Mephit,26.0,74.0,26.0
Giant Badger,Skeleton,26.0,74.0,26.0
Giant Poisonous Snake,Skeleton,74.0,26.0,26.0
Giant Scorpion,Mummy,26.0,74.0,26.0
Giant Spider,"Wererat, Human Form",74.0,26.0,26.0
Giant Toad,Warhorse,74.0,26.0,26.0
Giant Wolf Spider,Pseudodragon,74.0,26.0,26.0
Gibbering Mouther,Knight,26.0,74.0,26.0
Gibbering Mouther,Saber-Toothed Tiger,74.0,26.0,26.0
Gibbering Mouther,Troll,26.0,74.0,26.0
Gnoll,"Wererat, Human Form",26.0,74.0,26.0
Goblin,Priest,26.0,74.0,26.0
Gynosphinx,Hezrou,74.0,26.0,26.0
Gynosphinx,Young Bronze Dragon,26.0,74.0,26.0
Hobgoblin,Imp,74.0,26.0,26.0
Ice Mephit,Riding Horse,26.0,74.0,26.0
Mage,Thug,74.0,26.0,26.0
Mammoth,Young Bronze Dragon,74.0,26.0,26.0
Merrow,"Werewolf, Hybrid Form",74.0,26.0,26.0
Merrow,"Werewolf, Wolf Form",74.0,26.0,26.0
Mummy,Will-o'-Wisp,74.0,26.0,26.0
Ogre,Sea Hag,74.0,26.0,26.0
Oni,Xorn,26.0,74.0,26.0
Orc,Warhorse Skeleton,26.0,74.0,26.0
Pegasus,Saber-Toothed Tiger,74.0,26.0,26.0
Phase Spider,Swarm of Quippers,26.0,74.0,26.0
Plesiosaurus,Wraith,26.0,74.0,26.0
Reef Shark,Warhorse,26.0,74.0,26.0
Solar,Storm Giant,74.0,26.0,26.0
Swarm of Beetles,Thug,74.0,26.0,26.0
Swarm of Centipedes,Thug,74.0,26.0,26.0
Swarm of Insects,Thug,74.0,26.0,26.0
Swarm of Spiders,Thug,74.0,26.0,26.0
Swarm of Wasps,Thug,74.0,26.0,26.0
Vrock,Xorn,26.0,74.0,26.0
Adult Brass Dragon,Frost Giant,74.5,25.5,25.5
Adult Bronze Dragon,Nalfeshnee,25.5,74.5,25.5
Ankheg,Azer,74.5,25.5,25.5
Ankheg,Bearded Devil,74.5,25.5,25.5
Ankheg,Ghost,25.5,74.5,25.5
Ape,Giant Eagle,25.5,74.5,25.5
Ape,Giant Poisonous Snake,74.5,25.5,25.5
Ape,Lion,25.5,74.5,25.5
Ape,Scout,74.5,25.5,25.5
Archmage,Merrow,74.5,25.5,25.5
Axe Beak,Riding Horse,74.5,25.5,25.5
Azer,Doppelganger,25.5,74.5,25.5
Bandit,Giant Frog,25.5,74.5,25.5
Barbed Devil,Flesh Golem,25.5,74.5,25.5
Barbed Devil,Spirit Naga,74.5,25.5,25.5
Black Bear,Imp,74.5,25.5,25.5
Black Dragon Wyrmling,Centaur,25.5,74.5,25.5
Black Dragon Wyrmling,Wight,74.5,25.5,25.5
Blood Hawk,Noble,25.5,74.5,25.5
Blue Dragon Wyrmling,Ogre Zombie,25.5,74.5,25.5
Brass Dragon Wyrmling,Giant Toad,25.5,74.5,25.5
Brass Dragon Wyrmling,Giant Vulture,74.5,25.5,25.5
Brass Dragon Wyrmling,Grick,25.5,74.5,25.5
Brass Dragon Wyrmling,Phase Spider,25.5,74.5,25.5
Bronze Dragon Wyrmling,Succubus/Incubus,25.5,74.5,25.5
Bugbear,Sea Hag,25.5,74.5,25.5
Camel,Violet Fungus,25.5,74.5,25.5
Clay Golem,Hill Giant,74.5,25.5,25.5
Commoner,Hawk,74.5,25.5,25.5
Commoner,Quipper,74.5,25.5,25.5
Commoner,Weasel,74.5,25.5,25.5
Cult Fanatic,Wolf,74.5,25.5,25.5
Deep Gnome (Svirfneblin),Lion,25.5,74.5,25.5
Deep Gnome (Svirfneblin),Scout,74.5,25.5,25.5
Dire Wolf,Sea Hag,25.5,74.5,25.5
Djinni,Gynosphinx,74.5,25.5,25.5
Draft Horse,Phase Spider,25.5,74.5,25.5
Draft Horse,Shadow,74.5,25.5,25.5
Dretch,Magma Mephit,25.5,74.5,25.5
Dretch,Mule,74.5,25.5,25.5
Drider,Ogre,25.5,74.5,25.5
Earth Elemental,Gorgon,25.5,74.5,25.5
Elk,Giant Lizard,25.5,74.5,25.5
Elk,Pony,74.5,25.5,25.5
Elk,Shadow,25.5,74.5,25.5
Gargoyle,Giant Hyena,25.5,74.5,25.5
Ghoul,Giant Vulture,74.5,25.5,25.5
Giant Badger,Giant Sea Horse,25.5,74.5,25.5
Giant Badger,Pseudodragon,74.5,25.5,25.5
Giant Badger,Wolf,25.5,74.5,25.5
Giant Boar,Hunter Shark,25.5,74.5,25.5
Giant Boar,Veteran,25.5,74.5,25.5
Giant Eagle,Hippogriff,74.5,25.5,25.5
Giant Lizard,"Wererat, Human Form",25.5,74.5,25.5
Giant Rat,Noble,25.5,74.5,25.5
Giant Rat (Diseased),Noble,25.5,74.5,25.5
Giant Spider,Mage,74.5,25.5,25.5
Giant Vulture,Scout,74.5,25.5,25.5
Giant Weasel,Violet Fungus,74.5,25.5,25.5
Giant Wolf Spider,Steam Mephit,74.5,25.5,25.5
Hell Hound,Sea Hag,25.5,74.5,25.5
Lion,Wight,25.5,74.5,25.5
Manticore,Owlbear,25.5,74.5,25.5
Mummy,Swarm of Quippers,74.5,25.5,25.5
Night Hag,"Werebear, Bear Form",74.5,25.5,25.5
Night Hag,"Werebear, Hybrid Form",74.5,25.5,25.5
Orc,Worg,25.5,74.5,25.5
Owlbear,"Wereboar, Human Form",74.5,25.5,25.5
Plesiosaurus,Winter Wolf,74.5,25.5,25.5
Riding Horse,Rust Monster,25.5,74.5,25.5
Swarm of Bats,Swarm of Ravens,25.5,74.5,25.5
Swarm of Poisonous Snakes,Worg,74.5,25.5,25.5
Young Black Dragon,Young Bronze Dragon,25.5,74.5,25.5
Young Blue Dragon,Young Bronze Dragon,74.5,25.5,25.5
Air Elemental,Night Hag,25.0,75.0,25.0
Air Elemental,Wraith,75.0,25.0,25.0
Awakened Shrub,Octopus,75.0,25.0,25.0
Baboon,Owl,75.0,25.0,25.0
Baboon,Scorpion,75.0,25.0,25.0
Badger,Bat,75.0,25.0,25.0
Bandit,Giant Sea Horse,25.0,75.0,25.0
Bandit Captain,Bronze Dragon Wyrmling,75.0,25.0,25.0
Bandit Captain,Giant Hyena,75.0,25.0,25.0
Bandit Captain,Pegasus,25.0,75.0,25.0
Bandit Captain,Will-o'-Wisp,75.0,25.0,25.0
Bat,Giant Fire Beetle,25.0,75.0,25.0
Bearded Devil,Ettercap,75.0,25.0,25.0
Black Bear,Reef Shark,25.0,75.0,25.0
Black Dragon Wyrmling,Ettercap,75.0,25.0,25.0
Black Pudding,"Werewolf, Hybrid Form",75.0,25.0,25.0
Black Pudding,"Werewolf, Wolf Form",75.0,25.0,25.0
Black Pudding,White Dragon Wyrmling,75.0,25.0,25.0
Blink Dog,Dust Mephit,75.0,25.0,25.0
Blink Dog,Orc,25.0,75.0,25.0
Boar,Giant Rat,75.0,25.0,25.0
Boar,Giant Rat (Diseased),75.0,25.0,25.0
Brass Dragon Wyrmling,Drow,75.0,25.0,25.0
Bulette,Gynosphinx,75.0,25.0,25.0
Camel,Giant Badger,25.0,75.0,25.0
Centaur,Rhinoceros,25.0,75.0,25.0
Chain Devil,Water Elemental,25.0,75.0,25.0
Chuul,Minotaur Skeleton,75.0,25.0,25.0
Cockatrice,Swarm of Bats,25.0,75.0,25.0
Copper Dragon Wyrmling,Hippogriff,75.0,25.0,25.0
Cult Fanatic,Skeleton,75.0,25.0,25.0
Death Dog,Ghoul,75.0,25.0,25.0
Death Dog,Swarm of Ravens,75.0,25.0,25.0
Doppelganger,Gibbering Mouther,25.0,75.0,25.0
Drow,Imp,75.0,25.0,25.0
Dust Mephit,Giant Weasel,75.0,25.0,25.0
Dust Mephit,Goblin,75.0,25.0,25.0
Earth Elemental,Giant Crocodile,75.0,25.0,25.0
Efreeti,Glabrezu,75.0,25.0,25.0
Efreeti,Roper,75.0,25.0,25.0
Ettercap,Swarm of Quippers,25.0,75.0,25.0
Flesh Golem,Nightmare,75.0,25.0,25.0
Flying Snake,Goat,75.0,25.0,25.0
Frost Giant,Gorgon,75.0,25.0,25.0
Ghast,Saber-Toothed Tiger,25.0,75.0,25.0
Giant Bat,Scout,75.0,25.0,25.0
Giant Constrictor Snake,Saber-Toothed Tiger,75.0,25.0,25.0
Giant Eagle,Spy,75.0,25.0,25.0
Giant Fire Beetle,Mastiff,25.0,75.0,25.0
Giant Hyena,Sea Hag,25.0,75.0,25.0
Giant Owl,Giant Poisonous Snake,75.0,25.0,25.0
Giant Shark,Gynosphinx,75.0,25.0,25.0
Giant Shark,Young Black Dragon,75.0,25.0,25.0
Giant Weasel,Quasit,75.0,25.0,25.0
Gorgon,Lich,75.0,25.0,25.0
Grick,Satyr,75.0,25.0,25.0
Harpy,Hippogriff,75.0,25.0,25.0
Jackal,Owl,75.0,25.0,25.0
Jackal,Scorpion,75.0,25.0,25.0
Killer Whale,Young Brass Dragon,25.0,75.0,25.0
Kobold,Quasit,25.0,75.0,25.0
Kobold,Violet Fungus,25.0,75.0,25.0
Lion,Ochre Jelly,25.0,75.0,25.0
Lion,Tiger,25.0,75.0,25.0
Lizardfolk,Scout,75.0,25.0,25.0
Magmin,Orc,25.0,75.0,25.0
Marilith,Treant,75.0,25.0,25.0
Mimic,Succubus/Incubus,25.0,75.0,25.0
Mule,Pony,25.0,75.0,25.0
Night Hag,Young White Dragon,25.0,75.0,25.0
Otyugh,Vrock,75.0,25.0,25.0
Otyugh,"Werebear, Bear Form",25.0,75.0,25.0
Otyugh,"Werebear, Hybrid Form",25.0,75.0,25.0
Owl,Scorpion,75.0,25.0,25.0
Quasit,Zombie,25.0,75.0,25.0
Rakshasa,Water Elemental,25.0,75.0,25.0
Red Dragon Wyrmling,Salamander,25.0,75.0,25.0
Vampire Spawn,Veteran,75.0,25.0,25.0
"Vampire, Vampire Form",Xorn,75.0,25.0,25.0
"Werebear, Bear Form",Young Brass Dragon,25.0,75.0,25.0
"Werebear, Hybrid Form",Young Brass Dragon,25.0,75.0,25.0
Aboleth,Hill Giant,75.5,24.5,24.5
Aboleth,Young Brass Dragon,75.5,24.5,24.5
Adult Blue Dragon,Iron Golem,24.5,75.5,24.5
Animated Armor,Black Pudding,24.5,75.5,24.5
Animated Armor,Duergar,75.5,24.5,24.5
Animated Armor,Specter,75.5,24.5,24.5
Ape,"Wererat, Human Form",24.5,75.5,24.5
Azer,Mummy,24.5,75.5,24.5
Bandit,Dust Mephit,24.5,75.5,24.5
Basilisk,Pegasus,24.5,75.5,24.5
Bearded Devil,Doppelganger,24.5,75.5,24.5
Berserker,Griffon,75.5,24.5,24.5
Berserker,Ogre Zombie,24.5,75.5,24.5
Black Bear,Giant Goat,24.5,75.5,24.5
Black Dragon Wyrmling,Grick,75.5,24.5,24.5
Blink Dog,Darkmantle,24.5,75.5,24.5
Boar,Constrictor Snake,24.5,75.5,24.5
Boar,Giant Wasp,24.5,75.5,24.5
Boar,Panther,24.5,75.5,24.5
Bronze Dragon Wyrmling,Sea Hag,24.5,75.5,24.5
Bugbear,Manticore,24.5,75.5,24.5
Bulette,Young Black Dragon,75.5,24.5,24.5
Bulette,Young Silver Dragon,24.5,75.5,24.5
Centaur,Gelatinous Cube,24.5,75.5,24.5
Chimera,Guardian Naga,24.5,75.5,24.5
Cockatrice,Giant Weasel,75.5,24.5,24.5
Cockatrice,Goblin,75.5,24.5,24.5
Copper Dragon Wyrmling,Tiger,24.5,75.5,24.5
Copper Dragon Wyrmling,Wight,24.5,75.5,24.5
Couatl,Guardian Naga,24.5,75.5,24.5
Crab,Goat,24.5,75.5,24.5
Cult Fanatic,"Wererat, Hybrid Form",24.5,75.5,24.5
Cult Fanatic,"Wererat, Rat Form",24.5,75.5,24.5
Darkmantle,Drow,75.5,24.5,24.5
Deep Gnome (Svirfneblin),Giant Eagle,24.5,75.5,24.5
Draft Horse,Worg,24.5,75.5,24.5
Drow,Spy,24.5,75.5,24.5
Duergar,Orc,75.5,24.5,24.5
Duergar,Swarm of Poisonous Snakes,24.5,75.5,24.5
Eagle,Goat,75.5,24.5,24.5
Earth Elemental,Hill Giant,75.5,24.5,24.5
Elephant,Rakshasa,75.5,24.5,24.5
Elk,Ice Mephit,75.5,24.5,24.5
Frost Giant,Stone Giant,75.5,24.5,24.5
Ghast,Sea Hag,24.5,75.5,24.5
Ghost,Troll,24.5,75.5,24.5
Giant Ape,Young Silver Dragon,24.5,75.5,24.5
Giant Bat,Harpy,24.5,75.5,24.5
Giant Eagle,Worg,24.5,75.5,24.5
Giant Poisonous Snake,Swarm of Ravens,24.5,75.5,24.5
Giant Shark,Marilith,24.5,75.5,24.5
Giant Spider,Orc,75.5,24.5,24.5
Giant Toad,Lion,75.5,24.5,24.5
Giant Wolf Spider,Mule,75.5,24.5,24.5
Giant Wolf Spider,Skeleton,24.5,75.5,24.5
Gibbering Mouther,"Weretiger, Hybrid Form",24.5,75.5,24.5
Gibbering Mouther,"Weretiger, Tiger Form",24.5,75.5,24.5
Gladiator,Killer Whale,24.5,75.5,24.5
Goblin,Pseudodragon,75.5,24.5,24.5
Green Dragon Wyrmling,Hunter Shark,24.5,75.5,24.5
Green Hag,Vrock,75.5,24.5,24.5
Harpy,Shadow,75.5,24.5,24.5
Hell Hound,Tiger,75.5,24.5,24.5
Hobgoblin,Thug,24.5,75.5,24.5
Manticore,Vampire Spawn,24.5,75.5,24.5
Medusa,Sea Hag,75.5,24.5,24.5
Mimic,"Werewolf, Hybrid Form",75.5,24.5,24.5
Mimic,"Werewolf, Wolf Form",75.5,24.5,24.5
Mummy,Vampire Spawn,24.5,75.5,24.5
Nightmare,Spirit Naga,75.5,24.5,24.5
Ogre,"Wereboar, Human Form",75.5,24.5,24.5
Plesiosaurus,Troll,75.5,24.5,24.5
Plesiosaurus,Wyvern,24.5,75.5,24.5
Reef Shark,Swarm of Bats,75.5,24.5,24.5
Riding Horse,Sahuagin,75.5,24.5,24.5
Shadow,Swarm of Bats,75.5,24.5,24.5
Specter,Swarm of Ravens,75.5,24.5,24.5
Succubus/Incubus,"Wereboar, Boar Form",24.5,75.5,24.5
Succubus/Incubus,"Wereboar, Hybrid Form",24.5,75.5,24.5
Succubus/Incubus,Will-o'-Wisp,75.5,24.5,24.5
Warhorse,"Wererat, Human Form",75.5,24.5,24.5
"Wererat, Human Form","Wererat, Hybrid Form",75.5,24.5,24.5
"Wererat, Human Form","Wererat, Rat Form",75.5,24.5,24.5
Adult Brass Dragon,Cloud Giant,24.0,76.0,24.0
Archmage,Green Dragon Wyrmling,76.0,24.0,24.0
Archmage,Manticore,24.0,76.0,24.0
Awakened Shrub,Flying Snake,24.0,76.0,24.0
Awakened Tree,Lamia,24.0,76.0,24.0
Awakened Tree,Silver Dragon Wyrmling,76.0,24.0,24.0
Azer,Worg,76.0,24.0,24.0
Bandit Captain,Green Dragon Wyrmling,76.0,24.0,24.0
Bandit Captain,Hell Hound,76.0,24.0,24.0
Bandit Captain,"Wereboar, Boar Form",24.0,76.0,24.0
Bandit Captain,"Wereboar, Hybrid Form",24.0,76.0,24.0
Basilisk,Drider,24.0,76.0,24.0
Basilisk,Giant Boar,76.0,24.0,24.0
Basilisk,Half-Red Dragon Veteran,24.0,76.0,24.0
Basilisk,Vampire Spawn,24.0,76.0,24.0
Berserker,Gold Dragon Wyrmling,24.0,76.0,24.0
Blink Dog,Giant Bat,24.0,76.0,24.0
Blink Dog,Lizardfolk,24.0,76.0,24.0
Boar,Camel,76.0,24.0,24.0
Boar,Ice Mephit,24.0,76.0,24.0
Camel,Dryad,24.0,76.0,24.0
Camel,Giant Weasel,24.0,76.0,24.0
Camel,Giant Wolf Spider,24.0,76.0,24.0
Clay Golem,Night Hag,76.0,24.0,24.0
Commoner,Giant Centipede,24.0,76.0,24.0
Copper Dragon Wyrmling,Thug,76.0,24.0,24.0
Couatl,"Werebear, Human Form",76.0,24.0,24.0
Crab,Rat,76.0,24.0,24.0
Crocodile,Giant Poisonous Snake,76.0,24.0,24.0
Darkmantle,Duergar,24.0,76.0,24.0
Death Dog,Rust Monster,76.0,24.0,24.0
Draft Horse,Hobgoblin,76.0,24.0,24.0
Dretch,Gray Ooze,24.0,76.0,24.0
Dretch,Zombie,24.0,76.0,24.0
Drider,Mummy,76.0,24.0,24.0
Drow,Magma Mephit,76.0,24.0,24.0
Drow,Sahuagin,76.0,24.0,24.0
Efreeti,Ice Devil,76.0,24.0,24.0
Ettin,Fire Elemental,76.0,24.0,24.0
Ettin,Red Dragon Wyrmling,76.0,24.0,24.0
Fire Giant,Iron Golem,24.0,76.0,24.0
Flying Snake,Pseudodragon,24.0,76.0,24.0
Gelatinous Cube,Hell Hound,76.0,24.0,24.0
Ghast,Warhorse Skeleton,76.0,24.0,24.0
Ghost,Saber-Toothed Tiger,76.0,24.0,24.0
Ghoul,Worg,24.0,76.0,24.0
Giant Bat,"Wererat, Human Form",24.0,76.0,24.0
Giant Eagle,Reef Shark,76.0,24.0,24.0
Giant Goat,Giant Spider,24.0,76.0,24.0
Giant Hyena,"Werewolf, Hybrid Form",76.0,24.0,24.0
Giant Hyena,"Werewolf, Wolf Form",76.0,24.0,24.0
Giant Lizard,Riding Horse,76.0,24.0,24.0
Giant Lizard,Wolf,76.0,24.0,24.0
Giant Octopus,Silver Dragon Wyrmling,24.0,76.0,24.0
Giant Owl,Scout,76.0,24.0,24.0
Giant Poisonous Snake,Wolf,76.0,24.0,24.0
Giant Shark,Young White Dragon,76.0,24.0,24.0
Gold Dragon Wyrmling,Red Dragon Wyrmling,24.0,76.0,24.0
Gynosphinx,Young Copper Dragon,76.0,24.0,24.0
Hell Hound,Hunter Shark,24.0,76.0,24.0
Ice Mephit,Quasit,76.0,24.0,24.0
Ice Mephit,Scout,24.0,76.0,24.0
Lizardfolk,"Wererat, Human Form",24.0,76.0,24.0
Magmin,Shadow,24.0,76.0,24.0
Medusa,Spirit Naga,24.0,76.0,24.0
Minotaur Skeleton,Rakshasa,24.0,76.0,24.0
Ogre,Veteran,76.0,24.0,24.0
Orc,Swarm of Rats,76.0,24.0,24.0
Polar Bear,Silver Dragon Wyrmling,24.0,76.0,24.0
Pony,Swarm of Bats,24.0,76.0,24.0
Priest,Zombie,76.0,24.0,24.0
Quasit,Sahuagin,24.0,76.0,24.0
Red Dragon Wyrmling,"Werebear, Human Form",24.0,76.0,24.0
Red Dragon Wyrmling,Winter Wolf,76.0,24.0,24.0
Rhinoceros,Winter Wolf,24.0,76.0,24.0
Riding Horse,Spy,24.0,76.0,24.0
Roc,Solar,24.0,76.0,24.0
Shield Guardian,Triceratops,24.0,76.0,24.0
"Werebear, Human Form",Xorn,24.0,76.0,24.0
Young Blue Dragon,Young Silver Dragon,24.0,76.0,24.0
Aboleth,Mummy Lord,76.5,23.5,23.5
Acolyte,Giant Fire Beetle,76.5,23.5,23.5
Adult Black Dragon,Stone Golem,76.5,23.5,23.5
Adult Copper Dragon,Adult Green Dragon,23.5,76.5,23.5
Adult Copper Dragon,Young Silver Dragon,76.5,23.5,23.5
Adult Silver Dragon,Purple Worm,76.5,23.5,23.5
Air Elemental,Chain Devil,76.5,23.5,23.5
Androsphinx,Tyrannosaurus Rex,76.5,23.5,23.5
Animated Armor,Giant Spider,76.5,23.5,23.5
Ape,Warhorse,23.5,76.5,23.5
Archmage,Ghast,76.5,23.5,23.5
Assassin,Manticore,76.5,23.5,23.5
Awakened Tree,Half-Red Dragon Veteran,76.5,23.5,23.5
Baboon,Giant Fire Beetle,23.5,76.5,23.5
Bandit,Blood Hawk,76.5,23.5,23.5
Bandit,Giant Crab,23.5,76.5,23.5
Bandit,Giant Rat,76.5,23.5,23.5
Bandit,Giant Rat (Diseased),76.5,23.5,23.5
Bandit Captain,Giant Constrictor Snake,23.5,76.5,23.5
Bat,Deer,23.5,76.5,23.5
Bearded Devil,Worg,76.5,23.5,23.5
Berserker,Gelatinous Cube,76.5,23.5,23.5
Black Bear,Giant Weasel,76.5,23.5,23.5
Black Bear,Gray Ooze,76.5,23.5,23.5
Black Bear,Zombie,76.5,23.5,23.5
Black Dragon Wyrmling,Brown Bear,76.5,23.5,23.5
Blood Hawk,Grimlock,23.5,76.5,23.5
Bone Devil,Young White Dragon,23.5,76.5,23.5
Brass Dragon Wyrmling,Worg,23.5,76.5,23.5
Bugbear,Hunter Shark,23.5,76.5,23.5
Bugbear,Worg,76.5,23.5,23.5
Centaur,Silver Dragon Wyrmling,23.5,76.5,23.5
Chain Devil,Killer Whale,23.5,76.5,23.5
Couatl,Gladiator,76.5,23.5,23.5
Couatl,Rakshasa,76.5,23.5,23.5
Crocodile,Duergar,23.5,76.5,23.5
Death Dog,Hippogriff,76.5,23.5,23.5
Doppelganger,Ghast,76.5,23.5,23.5
Dretch,Dust Mephit,23.5,76.5,23.5
Dretch,Elk,23.5,76.5,23.5
Drider,"Weretiger, Human Form",23.5,76.5,23.5
Drow,Goblin,76.5,23.5,23.5
Drow,Orc,23.5,76.5,23.5
Drow,Pony,76.5,23.5,23.5
Dust Mephit,Swarm of Rats,23.5,76.5,23.5
Elk,Imp,76.5,23.5,23.5
Elk,Orc,23.5,76.5,23.5
Ettin,Plesiosaurus,76.5,23.5,23.5
Fire Elemental,"Werebear, Human Form",23.5,76.5,23.5
Flesh Golem,Gold Dragon Wyrmling,76.5,23.5,23.5
Gelatinous Cube,Giant Octopus,76.5,23.5,23.5
Gelatinous Cube,Spirit Naga,23.5,76.5,23.5
Gelatinous Cube,Unicorn,23.5,76.5,23.5
Ghoul,Warhorse Skeleton,23.5,76.5,23.5
Giant Badger,Giant Crab,23.5,76.5,23.5
Giant Boar,White Dragon Wyrmling,76.5,23.5,23.5
Giant Crab,Swarm of Bats,23.5,76.5,23.5
Giant Crocodile,"Vampire, Vampire Form",76.5,23.5,23.5
Giant Octopus,Rhinoceros,23.5,76.5,23.5
Giant Rat,Grimlock,23.5,76.5,23.5
Giant Rat (Diseased),Grimlock,23.5,76.5,23.5
Giant Scorpion,White Dragon Wyrmling,76.5,23.5,23.5
Giant Spider,Harpy,76.5,23.5,23.5
Giant Vulture,Warhorse,23.5,76.5,23.5
Giant Wolf Spider,Riding Horse,23.5,76.5,23.5
Gnoll,Satyr,23.5,76.5,23.5
Green Hag,Lamia,76.5,23.5,23.5
Grick,Warhorse,76.5,23.5,23.5
Griffon,Half-Red Dragon Veteran,23.5,76.5,23.5
Guardian Naga,Young Brass Dragon,23.5,76.5,23.5
Harpy,Spy,76.5,23.5,23.5
Hell Hound,Succubus/Incubus,23.5,76.5,23.5
Hyena,Vulture,76.5,23.5,23.5
Killer Whale,Wraith,76.5,23.5,23.5
Lamia,Plesiosaurus,76.5,23.5,23.5
Lemure,Stirge,76.5,23.5,23.5
Lich,Young Bronze Dragon,23.5,76.5,23.5
Magmin,Reef Shark,23.5,76.5,23.5
Marilith,Young Silver Dragon,23.5,76.5,23.5
Mummy,Polar Bear,76.5,23.5,23.5
Mummy,"Wereboar, Human Form",23.5,76.5,23.5
Otyugh,"Werebear, Human Form",76.5,23.5,23.5
Owlbear,Sea Hag,76.5,23.5,23.5
Priest,Shadow,23.5,76.5,23.5
Shambling Mound,"Vampire, Vampire Form",76.5,23.5,23.5
Swarm of Beetles,White Dragon Wyrmling,23.5,76.5,23.5
Swarm of Centipedes,White Dragon Wyrmling,23.5,76.5,23.5
Swarm of Insects,White Dragon Wyrmling,23.5,76.5,23.5
Swarm of Spiders,White Dragon Wyrmling,23.5,76.5,23.5
Swarm of Wasps,White Dragon Wyrmling,23.5,76.5,23.5
Young Bronze Dragon,Young Green Dragon,76.5,23.5,23.5
Adult Gold Dragon,Nalfeshnee,77.0,23.0,23.0
Adult Red Dragon,Nalfeshnee,77.0,23.0,23.0
Air Elemental,Hill Giant,23.0,77.0,23.0
Animated Armor,Hell Hound,23.0,77.0,23.0
Archmage,Sea Hag,23.0,77.0,23.0
Assassin,Unicorn,23.0,77.0,23.0
Awakened Shrub,Sprite,77.0,23.0,23.0
Azer,Ochre Jelly,77.0,23.0,23.0
Bandit,Gray Ooze,23.0,77.0,23.0
Bandit,Sahuagin,23.0,77.0,23.0
Bandit,Zombie,23.0,77.0,23.0
Bandit Captain,Swarm of Quippers,77.0,23.0,23.0
Behir,Tyrannosaurus Rex,77.0,23.0,23.0
Blink Dog,Imp,77.0,23.0,23.0
Blink Dog,Noble,77.0,23.0,23.0
Boar,Giant Sea Horse,23.0,77.0,23.0
Bronze Dragon Wyrmling,Rhinoceros,23.0,77.0,23.0
Bronze Dragon Wyrmling,Swarm of Poisonous Snakes,77.0,23.0,23.0
Cloaker,Ogre,77.0,23.0,23.0
Commoner,Flying Snake,23.0,77.0,23.0
Crocodile,Death Dog,23.0,77.0,23.0
Cultist,Magmin,23.0,77.0,23.0
Dire Wolf,Gargoyle,77.0,23.0,23.0
Dire Wolf,"Werewolf, Hybrid Form",77.0,23.0,23.0
Dire Wolf,"Werewolf, Wolf Form",77.0,23.0,23.0
Djinni,Earth Elemental,77.0,23.0,23.0
Dretch,Giant Rat,77.0,23.0,23.0
Dretch,Giant Rat (Diseased),77.0,23.0,23.0
Dretch,Skeleton,23.0,77.0,23.0
Drow,Noble,77.0,23.0,23.0
Duergar,Hippogriff,77.0,23.0,23.0
Elk,Gnoll,23.0,77.0,23.0
Gargoyle,Merrow,23.0,77.0,23.0
Gargoyle,Ochre Jelly,77.0,23.0,23.0
Gelatinous Cube,Half-Red Dragon Veteran,23.0,77.0,23.0
Ghost,Will-o'-Wisp,77.0,23.0,23.0
Ghoul,Phase Spider,23.0,77.0,23.0
Giant Badger,Sahuagin,23.0,77.0,23.0
Giant Bat,Warhorse,23.0,77.0,23.0
Giant Constrictor Snake,Ogre Zombie,23.0,77.0,23.0
Giant Crab,Shadow,23.0,77.0,23.0
Giant Elk,Swarm of Quippers,77.0,23.0,23.0
Giant Goat,Swarm of Bats,77.0,23.0,23.0
Giant Hyena,Silver Dragon Wyrmling,23.0,77.0,23.0
Giant Lizard,Priest,77.0,23.0,23.0
Giant Lizard,Satyr,23.0,77.0,23.0
Giant Poisonous Snake,Swarm of Beetles,23.0,77.0,23.0
Giant Poisonous Snake,Swarm of Centipedes,23.0,77.0,23.0
Giant Poisonous Snake,Swarm of Insects,23.0,77.0,23.0
Giant Poisonous Snake,Swarm of Spiders,23.0,77.0,23.0
Giant Poisonous Snake,Swarm of Wasps,23.0,77.0,23.0
Giant Toad,Will-o'-Wisp,23.0,77.0,23.0
Gnoll,Riding Horse,77.0,23.0,23.0
Green Dragon Wyrmling,Sea Hag,23.0,77.0,23.0
Green Hag,Guardian Naga,23.0,77.0,23.0
Griffon,Vampire Spawn,23.0,77.0,23.0
Half-Red Dragon Veteran,Manticore,77.0,23.0,23.0
Hell Hound,Veteran,23.0,77.0,23.0
Hell Hound,White Dragon Wyrmling,77.0,23.0,23.0
Hippogriff,Hobgoblin,77.0,23.0,23.0
Hippogriff,Phase Spider,23.0,77.0,23.0
Lizardfolk,Warhorse,23.0,77.0,23.0
Magma Mephit,Priest,23.0,77.0,23.0
Merrow,Veteran,23.0,77.0,23.0
Mimic,Saber-Toothed Tiger,23.0,77.0,23.0
Nalfeshnee,Storm Giant,23.0,77.0,23.0
Noble,Pseudodragon,77.0,23.0,23.0
Ogre Zombie,"Weretiger, Human Form",77.0,23.0,23.0
Owlbear,Rhinoceros,77.0,23.0,23.0
Pegasus,Troll,23.0,77.0,23.0
Plesiosaurus,Rakshasa,23.0,77.0,23.0
Polar Bear,Rhinoceros,23.0,77.0,23.0
Roper,Triceratops,77.0,23.0,23.0
Roper,Young Black Dragon,77.0,23.0,23.0
Satyr,Shadow,77.0,23.0,23.0
Scout,Zombie,77.0,23.0,23.0
Shambling Mound,Young White Dragon,23.0,77.0,23.0
Shield Guardian,Young White Dragon,23.0,77.0,23.0
Specter,Thug,77.0,23.0,23.0
Spirit Naga,"Wereboar, Human Form",77.0,23.0,23.0
Unicorn,Vampire Spawn,77.0,23.0,23.0
Vampire Spawn,Winter Wolf,23.0,77.0,23.0
Young Brass Dragon,Young Green Dragon,23.0,77.0,23.0
Adult Brass Dragon,Horned Devil,77.5,22.5,22.5
Adult Bronze Dragon,Adult Green Dragon,77.5,22.5,22.5
Adult Gold Dragon,Adult Silver Dragon,77.5,22.5,22.5
Adult Red Dragon,Adult Silver Dragon,77.5,22.5,22.5
Air Elemental,Minotaur,77.5,22.5,22.5
Ape,Specter,22.5,77.5,22.5
Awakened Shrub,Kobold,22.5,77.5,22.5
Azer,Giant Elk,22.5,77.5,22.5
Azer,Griffon,22.5,77.5,22.5
Bandit,Elk,22.5,77.5,22.5
Bandit Captain,Bugbear,77.5,22.5,22.5
Basilisk,Black Dragon Wyrmling,77.5,22.5,22.5
Basilisk,Giant Scorpion,77.5,22.5,22.5
Behir,Young Silver Dragon,77.5,22.5,22.5
Black Dragon Wyrmling,Copper Dragon Wyrmling,77.5,22.5,22.5
Black Dragon Wyrmling,Giant Toad,77.5,22.5,22.5
Black Dragon Wyrmling,Ochre Jelly,77.5,22.5,22.5
Black Dragon Wyrmling,Phase Spider,77.5,22.5,22.5
Blink Dog,Ghoul,22.5,77.5,22.5
Brass Dragon Wyrmling,Hobgoblin,77.5,22.5,22.5
Brass Dragon Wyrmling,Scout,77.5,22.5,22.5
Brown Bear,Specter,77.5,22.5,22.5
Chimera,Ettin,77.5,22.5,22.5
Chuul,Invisible Stalker,77.5,22.5,22.5
Commoner,Jackal,77.5,22.5,22.5
Constrictor Snake,Giant Owl,22.5,77.5,22.5
Copper Dragon Wyrmling,Crocodile,77.5,22.5,22.5
Couatl,Wyvern,77.5,22.5,22.5
Crocodile,Giant Spider,22.5,77.5,22.5
Cultist,Giant Wasp,22.5,77.5,22.5
Cultist,Panther,22.5,77.5,22.5
Death Dog,Deep Gnome (Svirfneblin),77.5,22.5,22.5
Deep Gnome (Svirfneblin),Mage,22.5,77.5,22.5
Dire Wolf,Ghost,22.5,77.5,22.5
Dire Wolf,Tiger,77.5,22.5,22.5
Djinni,Hezrou,77.5,22.5,22.5
Djinni,Stone Giant,22.5,77.5,22.5
Draft Horse,Gnoll,77.5,22.5,22.5
Dretch,Sahuagin,22.5,77.5,22.5
Duergar,Ghast,22.5,77.5,22.5
Dust Mephit,Giant Wolf Spider,77.5,22.5,22.5
Elephant,Giant Crocodile,22.5,77.5,22.5
Elephant,Gladiator,77.5,22.5,22.5
Elephant,Night Hag,22.5,77.5,22.5
Elk,Flying Sword,22.5,77.5,22.5
Elk,Goblin,77.5,22.5,22.5
Fire Elemental,"Weretiger, Hybrid Form",77.5,22.5,22.5
Fire Elemental,"Weretiger, Tiger Form",77.5,22.5,22.5
Fire Elemental,Wyvern,22.5,77.5,22.5
Flesh Golem,Rakshasa,22.5,77.5,22.5
Ghast,Worg,77.5,22.5,22.5
Giant Ape,Treant,77.5,22.5,22.5
Giant Bat,Giant Eagle,22.5,77.5,22.5
Giant Crocodile,Xorn,77.5,22.5,22.5
Giant Crocodile,Young Green Dragon,22.5,77.5,22.5
Giant Poisonous Snake,Giant Wasp,77.5,22.5,22.5
Giant Poisonous Snake,Panther,77.5,22.5,22.5
Giant Poisonous Snake,Thug,22.5,77.5,22.5
Giant Toad,Swarm of Beetles,77.5,22.5,22.5
Giant Toad,Swarm of Centipedes,77.5,22.5,22.5
Giant Toad,Swarm of Insects,77.5,22.5,22.5
Giant Toad,Swarm of Spiders,77.5,22.5,22.5
Giant Toad,Swarm of Wasps,77.5,22.5,22.5
Glabrezu,Horned Devil,22.5,77.5,22.5
Goblin,Riding Horse,22.5,77.5,22.5
Griffon,Hell Hound,77.5,22.5,22.5
Griffon,Merrow,77.5,22.5,22.5
Gynosphinx,Roper,22.5,77.5,22.5
Harpy,Worg,22.5,77.5,22.5
Hell Hound,Swarm of Poisonous Snakes,77.5,22.5,22.5
Hezrou,Shield Guardian,77.5,22.5,22.5
Hobgoblin,Sahuagin,77.5,22.5,22.5
Hunter Shark,Spirit Naga,22.5,77.5,22.5
Hyena,Sprite,77.5,22.5,22.5
Mastiff,Quasit,22.5,77.5,22.5
Mummy Lord,Young Green Dragon,22.5,77.5,22.5
Nightmare,Unicorn,77.5,22.5,22.5
Ogre Zombie,Silver Dragon Wyrmling,77.5,22.5,22.5
Raven,Vulture,22.5,77.5,22.5
Reef Shark,Scout,77.5,22.5,22.5
Rhinoceros,Succubus/Incubus,77.5,22.5,22.5
Skeleton,Swarm of Rats,22.5,77.5,22.5
Spider,Vulture,22.5,77.5,22.5
Stone Giant,Young Silver Dragon,22.5,77.5,22.5
Adult Black Dragon,Tyrannosaurus Rex,78.0,22.0,22.0
Adult Gold Dragon,Iron Golem,78.0,22.0,22.0
Adult Red Dragon,Iron Golem,78.0,22.0,22.0
Adult White Dragon,Tyrannosaurus Rex,78.0,22.0,22.0
Air Elemental,Shambling Mound,22.0,78.0,22.0
Ankheg,Blue Dragon Wyrmling,22.0,78.0,22.0
Ape,Copper Dragon Wyrmling,22.0,78.0,22.0
Archmage,Will-o'-Wisp,78.0,22.0,22.0
Assassin,Awakened Tree,22.0,78.0,22.0
Assassin,Gold Dragon Wyrmling,22.0,78.0,22.0
Assassin,Ogre Zombie,22.0,78.0,22.0
Awakened Tree,Ettin,22.0,78.0,22.0
Awakened Tree,Gibbering Mouther,78.0,22.0,22.0
Azer,Saber-Toothed Tiger,22.0,78.0,22.0
Balor,Pit Fiend,22.0,78.0,22.0
Bandit,Skeleton,22.0,78.0,22.0
Basilisk,Giant Constrictor Snake,22.0,78.0,22.0
Black Dragon Wyrmling,Gelatinous Cube,22.0,78.0,22.0
Blink Dog,Giant Frog,78.0,22.0,22.0
Blink Dog,Rust Monster,22.0,78.0,22.0
Blink Dog,Sahuagin,78.0,22.0,22.0
Blue Dragon Wyrmling,Mummy,78.0,22.0,22.0
Brass Dragon Wyrmling,Ochre Jelly,22.0,78.0,22.0
Bugbear,Ochre Jelly,78.0,22.0,22.0
Bugbear,Warhorse Skeleton,78.0,22.0,22.0
Bugbear,Wight,78.0,22.0,22.0
Chimera,"Werebear, Human Form",78.0,22.0,22.0
Constrictor Snake,Shadow,22.0,78.0,22.0
Couatl,Night Hag,22.0,78.0,22.0
Couatl,"Vampire, Vampire Form",22.0,78.0,22.0
Cult Fanatic,Elk,78.0,22.0,22.0
Cult Fanatic,Magmin,78.0,22.0,22.0
Cult Fanatic,Swarm of Beetles,22.0,78.0,22.0
Cult Fanatic,Swarm of Centipedes,22.0,78.0,22.0
Cult Fanatic,Swarm of Insects,22.0,78.0,22.0
Cult Fanatic,Swarm of Spiders,22.0,78.0,22.0
Cult Fanatic,Swarm of Wasps,22.0,78.0,22.0
Darkmantle,Mage,22.0,78.0,22.0
Dire Wolf,Gibbering Mouther,22.0,78.0,22.0
Dretch,Giant Sea Horse,22.0,78.0,22.0
Duergar,Giant Goat,78.0,22.0,22.0
Duergar,Will-o'-Wisp,22.0,78.0,22.0
Elk,Giant Owl,22.0,78.0,22.0
Elk,Giant Wolf Spider,78.0,22.0,22.0
Ettercap,Giant Boar,22.0,78.0,22.0
Fire Elemental,Gold Dragon Wyrmling,78.0,22.0,22.0
Flesh Golem,Minotaur,22.0,78.0,22.0
Gargoyle,Giant Octopus,22.0,78.0,22.0
Gargoyle,Phase Spider,78.0,22.0,22.0
Ghoul,Giant Lizard,78.0,22.0,22.0
Ghoul,Swarm of Bats,78.0,22.0,22.0
Giant Badger,Giant Poisonous Snake,22.0,78.0,22.0
Giant Bat,Satyr,22.0,78.0,22.0
Giant Constrictor Snake,Winter Wolf,22.0,78.0,22.0
Giant Crocodile,Guardian Naga,78.0,22.0,22.0
Giant Crocodile,Killer Whale,78.0,22.0,22.0
Giant Poisonous Snake,Gray Ooze,78.0,22.0,22.0
Giant Poisonous Snake,Zombie,78.0,22.0,22.0
Giant Spider,Swarm of Ravens,78.0,22.0,22.0
Giant Spider,"Werewolf, Hybrid Form",22.0,78.0,22.0
Giant Spider,"Werewolf, Wolf Form",22.0,78.0,22.0
Giant Wasp,Shadow,22.0,78.0,22.0
Gibbering Mouther,Griffon,78.0,22.0,22.0
Gnoll,Specter,22.0,78.0,22.0
Goat,Hawk,78.0,22.0,22.0
Goat,Poisonous Snake,78.0,22.0,22.0
Goat,Quipper,78.0,22.0,22.0
Goat,Weasel,78.0,22.0,22.0
Gold Dragon Wyrmling,Rhinoceros,78.0,22.0,22.0
Gorgon,Young Black Dragon,78.0,22.0,22.0
Gorgon,Young White Dragon,78.0,22.0,22.0
Griffon,Pegasus,22.0,78.0,22.0
Grimlock,Quasit,78.0,22.0,22.0
Gynosphinx,Mummy Lord,78.0,22.0,22.0
Hezrou,Hill Giant,78.0,22.0,22.0
Hezrou,Night Hag,78.0,22.0,22.0
Hyena,Octopus,78.0,22.0,22.0
Iron Golem,Kraken,22.0,78.0,22.0
Kraken,Solar,22.0,78.0,22.0
Lemure,Quasit,22.0,78.0,22.0
Lich,Mummy Lord,78.0,22.0,22.0
Lion,White Dragon Wyrmling,22.0,78.0,22.0
Lizardfolk,Satyr,22.0,78.0,22.0
Minotaur,Minotaur Skeleton,78.0,22.0,22.0
Minotaur Skeleton,Nightmare,78.0,22.0,22.0
Minotaur Skeleton,"Weretiger, Hybrid Form",78.0,22.0,22.0
Minotaur Skeleton,"Weretiger, Tiger Form",78.0,22.0,22.0
Mule,Stirge,78.0,22.0,22.0
Noble,Swarm of Bats,22.0,78.0,22.0
Panther,Shadow,22.0,78.0,22.0
Phase Spider,"Wererat, Human Form",78.0,22.0,22.0
Phase Spider,"Werewolf, Hybrid Form",22.0,78.0,22.0
Phase Spider,"Werewolf, Wolf Form",22.0,78.0,22.0
Quasit,Skeleton,22.0,78.0,22.0
Rhinoceros,Troll,22.0,78.0,22.0
Riding Horse,Swarm of Beetles,22.0,78.0,22.0
Riding Horse,Swarm of Centipedes,22.0,78.0,22.0
Riding Horse,Swarm of Insects,22.0,78.0,22.0
Riding Horse,Swarm of Spiders,22.0,78.0,22.0
Riding Horse,Swarm of Wasps,22.0,78.0,22.0
Sea Hag,Spirit Naga,22.0,78.0,22.0
Sea Hag,"Weretiger, Human Form",22.0,78.0,22.0
Shield Guardian,Young Black Dragon,22.0,78.0,22.0
Spirit Naga,"Weretiger, Hybrid Form",22.0,78.0,22.0
Spirit Naga,"Weretiger, Tiger Form",22.0,78.0,22.0
Swarm of Beetles,Tiger,22.0,78.0,22.0
Swarm of Centipedes,Tiger,22.0,78.0,22.0
Swarm of Insects,Tiger,22.0,78.0,22.0
Swarm of Spiders,Tiger,22.0,78.0,22.0
Swarm of Wasps,Tiger,22.0,78.0,22.0
"Vampire, Bat Form",Wraith,78.0,22.0,22.0
"Werewolf, Hybrid Form",Wight,78.0,22.0,22.0
"Werewolf, Wolf Form",Wight,78.0,22.0,22.0
Aboleth,Giant Shark,21.5,78.5,21.5
Aboleth,Roper,21.5,78.5,21.5
Acolyte,Deer,78.5,21.5,21.5
Adult Silver Dragon,Remorhaz,21.5,78.5,21.5
Adult White Dragon,Fire Giant,21.5,78.5,21.5
Air Elemental,Gladiator,78.5,21.5,21.5
Animated Armor,Ankheg,21.5,78.5,21.5
Animated Armor,Warhorse,78.5,21.5,21.5
Ankheg,Silver Dragon Wyrmling,21.5,78.5,21.5
Ape,Mage,21.5,78.5,21.5
Awakened Shrub,Mastiff,21.5,78.5,21.5
Axe Beak,Giant Crab,78.5,21.5,21.5
Azer,Ettercap,78.5,21.5,21.5
Baboon,Eagle,21.5,78.5,21.5
Basilisk,Ghast,78.5,21.5,21.5
Black Bear,Draft Horse,21.5,78.5,21.5
Blink Dog,"Wererat, Hybrid Form",21.5,78.5,21.5
Blink Dog,"Wererat, Rat Form",21.5,78.5,21.5
Blood Hawk,Imp,21.5,78.5,21.5
Blood Hawk,Mastiff,78.5,21.5,21.5
Blue Dragon Wyrmling,Centaur,78.5,21.5,21.5
Boar,Wolf,21.5,78.5,21.5
Bulette,Tyrannosaurus Rex,21.5,78.5,21.5
Centaur,"Werewolf, Hybrid Form",78.5,21.5,21.5
Centaur,"Werewolf, Wolf Form",78.5,21.5,21.5
Centaur,White Dragon Wyrmling,78.5,21.5,21.5
Clay Golem,Gorgon,21.5,78.5,21.5
Commoner,Raven,78.5,21.5,21.5
Commoner,Spider,78.5,21.5,21.5
Copper Dragon Wyrmling,Draft Horse,78.5,21.5,21.5
Cult Fanatic,Thug,21.5,78.5,21.5
Death Dog,Ochre Jelly,21.5,78.5,21.5
Death Dog,Wight,21.5,78.5,21.5
Deer,Mastiff,21.5,78.5,21.5
Dire Wolf,White Dragon Wyrmling,78.5,21.5,21.5
Doppelganger,Giant Scorpion,78.5,21.5,21.5
Draft Horse,Giant Toad,21.5,78.5,21.5
Dretch,Giant Crab,21.5,78.5,21.5
Dust Mephit,Grimlock,78.5,21.5,21.5
Earth Elemental,Roper,21.5,78.5,21.5
Earth Elemental,Shield Guardian,78.5,21.5,21.5
Elk,Giant Bat,21.5,78.5,21.5
Elk,Giant Vulture,21.5,78.5,21.5
Elk,Lizardfolk,21.5,78.5,21.5
Ettin,Xorn,21.5,78.5,21.5
Flesh Golem,Winter Wolf,78.5,21.5,21.5
Flying Snake,Mule,21.5,78.5,21.5
Gargoyle,Giant Toad,78.5,21.5,21.5
Gelatinous Cube,Giant Hyena,78.5,21.5,21.5
Ghast,Grick,78.5,21.5,21.5
Ghost,Plesiosaurus,21.5,78.5,21.5
Ghoul,Scout,78.5,21.5,21.5
Ghoul,Swarm of Rats,78.5,21.5,21.5
Giant Badger,Giant Rat,78.5,21.5,21.5
Giant Badger,Giant Rat (Diseased),78.5,21.5,21.5
Giant Boar,Sea Hag,21.5,78.5,21.5
Giant Constrictor Snake,Manticore,78.5,21.5,21.5
Giant Crab,Quasit,78.5,21.5,21.5
Giant Crocodile,Gynosphinx,21.5,78.5,21.5
Giant Eagle,"Wererat, Hybrid Form",78.5,21.5,21.5
Giant Eagle,"Wererat, Rat Form",78.5,21.5,21.5
Giant Fire Beetle,Hawk,78.5,21.5,21.5
Giant Fire Beetle,Quipper,78.5,21.5,21.5
Giant Fire Beetle,Weasel,78.5,21.5,21.5
Giant Frog,Swarm of Bats,21.5,78.5,21.5
Giant Poisonous Snake,Sahuagin,78.5,21.5,21.5
Giant Rat,Imp,21.5,78.5,21.5
Giant Rat,Mastiff,78.5,21.5,21.5
Giant Rat (Diseased),Imp,21.5,78.5,21.5
Giant Rat (Diseased),Mastiff,78.5,21.5,21.5
Giant Scorpion,Griffon,21.5,78.5,21.5
Giant Vulture,Lion,21.5,78.5,21.5
Giant Vulture,Specter,21.5,78.5,21.5
Gibbering Mouther,Green Dragon Wyrmling,78.5,21.5,21.5
Gnoll,Wolf,78.5,21.5,21.5
Goat,Sprite,78.5,21.5,21.5
Grick,Orc,78.5,21.5,21.5
Grick,Swarm of Beetles,78.5,21.5,21.5
Grick,Swarm of Centipedes,78.5,21.5,21.5
Grick,Swarm of Insects,78.5,21.5,21.5
Grick,Swarm of Quippers,21.5,78.5,21.5
Grick,Swarm of Spiders,78.5,21.5,21.5
Grick,Swarm of Wasps,78.5,21.5,21.5
Griffon,"Wereboar, Human Form",21.5,78.5,21.5
Harpy,Reef Shark,78.5,21.5,21.5
Hill Giant,Young Black Dragon,21.5,78.5,21.5
Hippogriff,Swarm of Bats,78.5,21.5,21.5
Imp,Quasit,78.5,21.5,21.5
Imp,Swarm of Rats,21.5,78.5,21.5
Magma Mephit,Quasit,78.5,21.5,21.5
Magmin,Rust Monster,21.5,78.5,21.5
Ogre,Saber-Toothed Tiger,78.5,21.5,21.5
Roper,Tyrannosaurus Rex,21.5,78.5,21.5
Shambling Mound,Young Black Dragon,21.5,78.5,21.5
Silver Dragon Wyrmling,Troll,21.5,78.5,21.5
Stirge,Violet Fungus,21.5,78.5,21.5
Stone Giant,Young Green Dragon,78.5,21.5,21.5
Succubus/Incubus,Swarm of Quippers,78.5,21.5,21.5
Unicorn,"Wereboar, Boar Form",78.5,21.5,21.5
Unicorn,"Wereboar, Hybrid Form",78.5,21.5,21.5
Young Black Dragon,Young Brass Dragon,78.5,21.5,21.5
Aboleth,Bulette,21.0,79.0,21.0
Ancient Blue Dragon,Ancient Silver Dragon,21.0,79.0,21.0
Ancient White Dragon,Kraken,79.0,21.0,21.0
Animated Armor,Giant Hyena,21.0,79.0,21.0
Ankheg,Rhinoceros,21.0,79.0,21.0
Archmage,Hunter Shark,21.0,79.0,21.0
Awakened Tree,Vrock,21.0,79.0,21.0
Axe Beak,Giant Eagle,21.0,79.0,21.0
Axe Beak,Giant Sea Horse,79.0,21.0,21.0
Azer,Brown Bear,79.0,21.0,21.0
Badger,Hyena,21.0,79.0,21.0
Bandit Captain,Drider,21.0,79.0,21.0
Bandit Captain,Giant Boar,79.0,21.0,21.0
Berserker,Troll,21.0,79.0,21.0
Black Bear,Magma Mephit,79.0,21.0,21.0
Black Bear,Orc,21.0,79.0,21.0
Blink Dog,Hippogriff,21.0,79.0,21.0
Boar,Dust Mephit,21.0,79.0,21.0
Boar,Giant Frog,21.0,79.0,21.0
Brass Dragon Wyrmling,Giant Poisonous Snake,79.0,21.0,21.0
Brass Dragon Wyrmling,Swarm of Bats,79.0,21.0,21.0
Bronze Dragon Wyrmling,Manticore,21.0,79.0,21.0
Camel,Noble,21.0,79.0,21.0
Cat,Rat,79.0,21.0,21.0
Chimera,Erinyes,21.0,79.0,21.0
Copper Dragon Wyrmling,Flying Sword,79.0,21.0,21.0
Copper Dragon Wyrmling,Swarm of Ravens,79.0,21.0,21.0
Cult Fanatic,Giant Crab,79.0,21.0,21.0
Cultist,Kobold,79.0,21.0,21.0
Darkmantle,Swarm of Bats,79.0,21.0,21.0
Doppelganger,Silver Dragon Wyrmling,21.0,79.0,21.0
Dretch,Wolf,21.0,79.0,21.0
Drow,Giant Weasel,79.0,21.0,21.0
Drow,Ice Mephit,79.0,21.0,21.0
Elk,Reef Shark,21.0,79.0,21.0
Flesh Golem,Lamia,21.0,79.0,21.0
Flesh Golem,"Werebear, Human Form",21.0,79.0,21.0
Flesh Golem,Wraith,21.0,79.0,21.0
Flying Sword,Mage,21.0,79.0,21.0
Flying Sword,Phase Spider,21.0,79.0,21.0
Frost Giant,Glabrezu,79.0,21.0,21.0
Ghoul,Grick,21.0,79.0,21.0
Giant Badger,Gray Ooze,21.0,79.0,21.0
Giant Badger,Zombie,21.0,79.0,21.0
Giant Boar,Swarm of Poisonous Snakes,79.0,21.0,21.0
Giant Centipede,Quasit,21.0,79.0,21.0
Giant Centipede,Violet Fungus,21.0,79.0,21.0
Giant Crocodile,"Werebear, Bear Form",79.0,21.0,21.0
Giant Crocodile,"Werebear, Hybrid Form",79.0,21.0,21.0
Giant Elk,Giant Hyena,79.0,21.0,21.0
Giant Elk,Spirit Naga,21.0,79.0,21.0
Giant Elk,Will-o'-Wisp,79.0,21.0,21.0
Giant Frog,Quasit,79.0,21.0,21.0
Giant Goat,Grick,21.0,79.0,21.0
Giant Hyena,Rhinoceros,21.0,79.0,21.0
Giant Lizard,Specter,21.0,79.0,21.0
Giant Scorpion,Hunter Shark,21.0,79.0,21.0
Giant Spider,Thug,79.0,21.0,21.0
Giant Vulture,Harpy,21.0,79.0,21.0
Giant Vulture,Satyr,21.0,79.0,21.0
Gibbering Mouther,Plesiosaurus,21.0,79.0,21.0
Gladiator,Water Elemental,21.0,79.0,21.0
Gold Dragon Wyrmling,"Wereboar, Boar Form",79.0,21.0,21.0
Gold Dragon Wyrmling,"Wereboar, Hybrid Form",79.0,21.0,21.0
Gorgon,Gynosphinx,79.0,21.0,21.0
Green Dragon Wyrmling,Griffon,21.0,79.0,21.0
Hawk,Raven,79.0,21.0,21.0
Hawk,Spider,79.0,21.0,21.0
Hobgoblin,Specter,21.0,79.0,21.0
Hobgoblin,Zombie,79.0,21.0,21.0
Hunter Shark,Winter Wolf,21.0,79.0,21.0
Mage,Shadow,79.0,21.0,21.0
Mimic,Veteran,21.0,79.0,21.0
Mummy Lord,"Vampire, Vampire Form",79.0,21.0,21.0
Noble,Violet Fungus,79.0,21.0,21.0
Ochre Jelly,Specter,79.0,21.0,21.0
Ogre,Plesiosaurus,21.0,79.0,21.0
Pegasus,Winter Wolf,21.0,79.0,21.0
Plesiosaurus,"Werebear, Human Form",21.0,79.0,21.0
Pony,Swarm of Rats,21.0,79.0,21.0
Quipper,Raven,79.0,21.0,21.0
Quipper,Spider,79.0,21.0,21.0
Raven,Scorpion,79.0,21.0,21.0
Red Dragon Wyrmling,Wyvern,21.0,79.0,21.0
Roper,Young Silver Dragon,21.0,79.0,21.0
Saber-Toothed Tiger,Swarm of Quippers,79.0,21.0,21.0
Sahuagin,Swarm of Bats,21.0,79.0,21.0
Scout,"Wererat, Hybrid Form",21.0,79.0,21.0
Scout,"Wererat, Rat Form",21.0,79.0,21.0
Shield Guardian,"Vampire, Vampire Form",79.0,21.0,21.0
Swarm of Beetles,Swarm of Poisonous Snakes,21.0,79.0,21.0
Swarm of Centipedes,Swarm of Poisonous Snakes,21.0,79.0,21.0
Swarm of Insects,Swarm of Poisonous Snakes,21.0,79.0,21.0
"Weretiger, Human Form",Winter Wolf,21.0,79.0,21.0
Acolyte,Blood Hawk,20.5,79.5,20.5
Acolyte,Giant Rat,20.5,79.5,20.5
Acolyte,Giant Rat (Diseased),20.5,79.5,20.5
Adult Silver Dragon,Planetar,79.5,20.5,20.5
Ankheg,Berserker,20.5,79.5,20.5
Archmage,Silver Dragon Wyrmling,20.5,79.5,20.5
Awakened Tree,Salamander,20.5,79.5,20.5
Axe Beak,Magmin,79.5,20.5,20.5
Azer,Wight,79.5,20.5,20.5
Baboon,Bat,79.5,20.5,20.5
Basilisk,Gibbering Mouther,20.5,79.5,20.5
Basilisk,"Wereboar, Human Form",20.5,79.5,20.5
Black Bear,Goblin,79.5,20.5,20.5
Black Bear,Hippogriff,20.5,79.5,20.5
Black Dragon Wyrmling,Duergar,79.5,20.5,20.5
Black Dragon Wyrmling,Giant Spider,79.5,20.5,20.5
Blue Dragon Wyrmling,Winter Wolf,20.5,79.5,20.5
Boar,Giant Crab,20.5,79.5,20.5
Bronze Dragon Wyrmling,Veteran,20.5,79.5,20.5
Brown Bear,Lion,79.5,20.5,20.5
Brown Bear,Swarm of Beetles,79.5,20.5,20.5
Brown Bear,Swarm of Centipedes,79.5,20.5,20.5
Brown Bear,Swarm of Insects,79.5,20.5,20.5
Brown Bear,Swarm of Spiders,79.5,20.5,20.5
Brown Bear,Swarm of Wasps,79.5,20.5,20.5
Brown Bear,Warhorse,79.5,20.5,20.5
Bugbear,Ghost,20.5,79.5,20.5
Bugbear,Grick,79.5,20.5,20.5
Centaur,Gargoyle,79.5,20.5,20.5
Centaur,Ghost,20.5,79.5,20.5
Chuul,Deva,20.5,79.5,20.5
Chuul,Red Dragon Wyrmling,79.5,20.5,20.5
Cloaker,Invisible Stalker,20.5,79.5,20.5
Cloaker,Lamia,20.5,79.5,20.5
Cloaker,Silver Dragon Wyrmling,79.5,20.5,20.5
Cockatrice,Giant Lizard,20.5,79.5,20.5
Cockatrice,Ice Mephit,79.5,20.5,20.5
Constrictor Snake,Swarm of Rats,20.5,79.5,20.5
Cult Fanatic,Draft Horse,20.5,79.5,20.5
Darkmantle,Death Dog,20.5,79.5,20.5
Deep Gnome (Svirfneblin),Wolf,79.5,20.5,20.5
Djinni,Glabrezu,20.5,79.5,20.5
Dretch,Riding Horse,20.5,79.5,20.5
Drow,"Wererat, Hybrid Form",20.5,79.5,20.5
Drow,"Wererat, Rat Form",20.5,79.5,20.5
Dryad,Magmin,20.5,79.5,20.5
Earth Elemental,Young Bronze Dragon,20.5,79.5,20.5
Efreeti,Tyrannosaurus Rex,20.5,79.5,20.5
Elk,Grimlock,79.5,20.5,20.5
Fire Elemental,Winter Wolf,79.5,20.5,20.5
Flesh Golem,Knight,79.5,20.5,20.5
Gelatinous Cube,"Wereboar, Boar Form",20.5,79.5,20.5
Gelatinous Cube,"Wereboar, Hybrid Form",20.5,79.5,20.5
Ghast,Hunter Shark,20.5,79.5,20.5
Ghast,Succubus/Incubus,20.5,79.5,20.5
Giant Boar,Manticore,20.5,79.5,20.5
Giant Centipede,Goblin,20.5,79.5,20.5
Giant Crab,Giant Lizard,20.5,79.5,20.5
Giant Eagle,Giant Owl,79.5,20.5,20.5
Giant Eagle,Lizardfolk,79.5,20.5,20.5
Giant Eagle,Ochre Jelly,20.5,79.5,20.5
Giant Elk,Polar Bear,79.5,20.5,20.5
Giant Goat,Giant Poisonous Snake,79.5,20.5,20.5
Giant Hyena,White Dragon Wyrmling,79.5,20.5,20.5
Giant Owl,Giant Spider,20.5,79.5,20.5
Giant Owl,Wolf,79.5,20.5,20.5
Giant Scorpion,Warhorse Skeleton,79.5,20.5,20.5
Giant Sea Horse,Shadow,20.5,79.5,20.5
Giant Spider,Rust Monster,79.5,20.5,20.5
Giant Toad,Orc,79.5,20.5,20.5
Giant Toad,Swarm of Quippers,20.5,79.5,20.5
Giant Toad,"Werewolf, Hybrid Form",20.5,79.5,20.5
Giant Toad,"Werewolf, Wolf Form",20.5,79.5,20.5
Giant Wasp,Swarm of Rats,20.5,79.5,20.5
Giant Wolf Spider,Hobgoblin,20.5,79.5,20.5
Gladiator,"Vampire, Bat Form",20.5,79.5,20.5
Gnoll,Lion,20.5,79.5,20.5
Gnoll,Warhorse,20.5,79.5,20.5
Goblin,Scout,20.5,79.5,20.5
Gold Dragon Wyrmling,Hunter Shark,79.5,20.5,20.5
Gray Ooze,Swarm of Bats,20.5,79.5,20.5
Green Dragon Wyrmling,Warhorse Skeleton,79.5,20.5,20.5
Green Hag,"Vampire, Vampire Form",20.5,79.5,20.5
Grimlock,Violet Fungus,79.5,20.5,20.5
Hawk,Lizard,79.5,20.5,20.5
Hippogriff,Swarm of Rats,79.5,20.5,20.5
Horned Devil,Young Blue Dragon,79.5,20.5,20.5
Hyena,Poisonous Snake,79.5,20.5,20.5
Imp,Swarm of Bats,20.5,79.5,20.5
Lion,Will-o'-Wisp,20.5,79.5,20.5
Medusa,Veteran,79.5,20.5,20.5
Merrow,White Dragon Wyrmling,79.5,20.5,20.5
Mimic,White Dragon Wyrmling,79.5,20.5,20.5
Minotaur,"Vampire, Vampire Form",20.5,79.5,20.5
Night Hag,Water Elemental,79.5,20.5,20.5
Night Hag,Xorn,79.5,20.5,20.5
Night Hag,Young Black Dragon,20.5,79.5,20.5
Noble,Swarm of Rats,20.5,79.5,20.5
Ogre,"Weretiger, Hybrid Form",20.5,79.5,20.5
Ogre,"Weretiger, Tiger Form",20.5,79.5,20.5
Owlbear,Red Dragon Wyrmling,20.5,79.5,20.5
Panther,Swarm of Rats,20.5,79.5,20.5
Riding Horse,"Wererat, Hybrid Form",20.5,79.5,20.5
Riding Horse,"Wererat, Rat Form",20.5,79.5,20.5
Satyr,Wight,20.5,79.5,20.5
Scout,Swarm of Ravens,20.5,79.5,20.5
Shambling Mound,Xorn,79.5,20.5,20.5
Shield Guardian,"Werebear, Bear Form",79.5,20.5,20.5
Shield Guardian,"Werebear, Hybrid Form",79.5,20.5,20.5
Swarm of Beetles,Wight,20.5,79.5,20.5
Swarm of Centipedes,Wight,20.5,79.5,20.5
Swarm of Insects,Wight,20.5,79.5,20.5
Swarm of Spiders,Wight,20.5,79.5,20.5
Swarm of Wasps,Wight,20.5,79.5,20.5
Treant,Young Green Dragon,79.5,20.5,20.5
Triceratops,Young Blue Dragon,20.5,79.5,20.5
Aboleth,Gorgon,20.0,80.0,20.0
Adult Gold Dragon,Kraken,20.0,80.0,20.0
Adult Gold Dragon,Storm Giant,20.0,80.0,20.0
Adult Red Dragon,Kraken,20.0,80.0,20.0
Adult Red Dragon,Storm Giant,20.0,80.0,20.0
Androsphinx,Young Gold Dragon,80.0,20.0,20.0
Androsphinx,Young Red Dragon,80.0,20.0,20.0
Animated Armor,Merrow,20.0,80.0,20.0
Ankheg,"Wereboar, Human Form",20.0,80.0,20.0
Archmage,Giant Scorpion,80.0,20.0,20.0
Awakened Shrub,Commoner,80.0,20.0,20.0
Axe Beak,Skeleton,80.0,20.0,20.0
Azer,Grick,80.0,20.0,20.0
Baboon,Vulture,20.0,80.0,20.0
Badger,Owl,80.0,20.0,20.0
Bandit,Hobgoblin,20.0,80.0,20.0
Blink Dog,Draft Horse,20.0,80.0,20.0
Blink Dog,Gray Ooze,80.0,20.0,20.0
Blink Dog,Zombie,80.0,20.0,20.0
Blood Hawk,Magmin,20.0,80.0,20.0
Blood Hawk,Stirge,80.0,20.0,20.0
Blue Dragon Wyrmling,Gold Dragon Wyrmling,20.0,80.0,20.0
Boar,Magma Mephit,20.0,80.0,20.0
Brass Dragon Wyrmling,Swarm of Rats,80.0,20.0,20.0
Bronze Dragon Wyrmling,Ghost,20.0,80.0,20.0
Bronze Dragon Wyrmling,Warhorse Skeleton,80.0,20.0,20.0
Bulette,Young Gold Dragon,20.0,80.0,20.0
Bulette,Young Red Dragon,20.0,80.0,20.0
Chimera,Vrock,80.0,20.0,20.0
Chuul,Water Elemental,20.0,80.0,20.0
Cloaker,Owlbear,80.0,20.0,20.0
Commoner,Crab,80.0,20.0,20.0
Copper Dragon Wyrmling,Darkmantle,80.0,20.0,20.0
Copper Dragon Wyrmling,Giant Goat,80.0,20.0,20.0
Copper Dragon Wyrmling,Rust Monster,80.0,20.0,20.0
Cult Fanatic,Dust Mephit,80.0,20.0,20.0
Cult Fanatic,Giant Wasp,80.0,20.0,20.0
Cult Fanatic,Panther,80.0,20.0,20.0
Cultist,Mastiff,80.0,20.0,20.0
Darkmantle,Giant Spider,20.0,80.0,20.0
Darkmantle,Scout,80.0,20.0,20.0
Deva,Gladiator,80.0,20.0,20.0
Doppelganger,"Wereboar, Human Form",20.0,80.0,20.0
Drow,Grimlock,80.0,20.0,20.0
Drow,Rust Monster,20.0,80.0,20.0
Duergar,Swarm of Ravens,80.0,20.0,20.0
Eagle,Hawk,80.0,20.0,20.0
Eagle,Poisonous Snake,80.0,20.0,20.0
Eagle,Quipper,80.0,20.0,20.0
Eagle,Weasel,80.0,20.0,20.0
Earth Elemental,Shambling Mound,80.0,20.0,20.0
Efreeti,Young Gold Dragon,20.0,80.0,20.0
Efreeti,Young Red Dragon,20.0,80.0,20.0
Erinyes,Green Hag,80.0,20.0,20.0
Erinyes,Young Brass Dragon,20.0,80.0,20.0
Ettercap,Warhorse,80.0,20.0,20.0
Flesh Golem,Wyvern,20.0,80.0,20.0
Giant Bat,Lion,20.0,80.0,20.0
Giant Boar,Tiger,80.0,20.0,20.0
Giant Centipede,Steam Mephit,20.0,80.0,20.0
Giant Crab,Swarm of Rats,20.0,80.0,20.0
Giant Elk,Merrow,80.0,20.0,20.0
Giant Fire Beetle,Kobold,20.0,80.0,20.0
Giant Fire Beetle,Raven,80.0,20.0,20.0
Giant Fire Beetle,Spider,80.0,20.0,20.0
Giant Lizard,Lion,20.0,80.0,20.0
Giant Owl,Skeleton,80.0,20.0,20.0
Giant Rat,Magmin,20.0,80.0,20.0
Giant Rat,Stirge,80.0,20.0,20.0
Giant Rat (Diseased),Magmin,20.0,80.0,20.0
Giant Rat (Diseased),Stirge,80.0,20.0,20.0
Giant Scorpion,Saber-Toothed Tiger,20.0,80.0,20.0
Giant Scorpion,Sea Hag,20.0,80.0,20.0
Giant Scorpion,Worg,80.0,20.0,20.0
Giant Spider,Swarm of Quippers,20.0,80.0,20.0
Gorgon,Triceratops,80.0,20.0,20.0
Grick,Hell Hound,20.0,80.0,20.0
Griffon,Will-o'-Wisp,80.0,20.0,20.0
Hezrou,Shambling Mound,80.0,20.0,20.0
Hobgoblin,Pony,80.0,20.0,20.0
Ice Mephit,Priest,20.0,80.0,20.0
Imp,Violet Fungus,80.0,20.0,20.0
Iron Golem,Planetar,80.0,20.0,20.0
Jackal,Vulture,20.0,80.0,20.0
Killer Whale,Minotaur,80.0,20.0,20.0
Killer Whale,Otyugh,80.0,20.0,20.0
Knight,Medusa,80.0,20.0,20.0
Magmin,Spy,20.0,80.0,20.0
Mammoth,Treant,80.0,20.0,20.0
Manticore,Swarm of Quippers,80.0,20.0,20.0
Minotaur,Red Dragon Wyrmling,80.0,20.0,20.0
Minotaur,"Werebear, Bear Form",20.0,80.0,20.0
Minotaur,"Werebear, Hybrid Form",20.0,80.0,20.0
Minotaur Skeleton,Xorn,20.0,80.0,20.0
Nightmare,Ogre,80.0,20.0,20.0
Nightmare,Salamander,20.0,80.0,20.0
Octopus,Quipper,80.0,20.0,20.0
Octopus,Weasel,80.0,20.0,20.0
Ogre Zombie,Owlbear,80.0,20.0,20.0
Orc,Scout,80.0,20.0,20.0
Poisonous Snake,Quipper,80.0,20.0,20.0
Poisonous Snake,Weasel,80.0,20.0,20.0
Pony,Quasit,80.0,20.0,20.0
Roper,Young White Dragon,80.0,20.0,20.0
Saber-Toothed Tiger,Will-o'-Wisp,80.0,20.0,20.0
Scout,Spy,20.0,80.0,20.0
Specter,Swarm of Quippers,20.0,80.0,20.0
Swarm of Bats,Thug,20.0,80.0,20.0
